"","lea_street, City, lea_state, lea_zip","No_Match"
"1","215 South Main Street, Cottonwood, AZ, 86326","Match","Exact","215 S MAIN ST, COTTONWOOD, AZ, 86326","-112.00976,34.73535","159494583","R"
"2","732 West Roger Road, Tucson, AZ, 85705","Match","Exact","732 W ROGER RD, TUCSON, AZ, 85705","-110.983536,32.27926","121166590","R"
"3","1547 East Lipan Boulevard, Fort Mohave, AZ, 86426","No_Match"
"4","425 North 36th Street, Phoenix, AZ, 85008","Match","Exact","425 N 36TH ST, PHOENIX, AZ, 85008","-112.00416,33.456673","128334910","R"
"5","1557 West Prince Road, Tucson, AZ, 85705","Match","Exact","1557 W PRINCE RD, TUCSON, AZ, 85705","-110.99953,32.27222","648126668","L"
"6","6633 West Camelback Road, Phoenix, AZ, 85033","Match","Exact","6633 W CAMELBACK RD, PHOENIX, AZ, 85033","-112.20181,33.509266","128356350","R"
"7","1557 West Prince Road, Tucson, AZ, 85705","Match","Exact","1557 W PRINCE RD, TUCSON, AZ, 85705","-110.99953,32.27222","648126668","L"
"8","10720 East 22nd Street, Tucson, AZ, 85748","Match","Exact","10720 E 22ND ST, TUCSON, AZ, 85748","-110.765945,32.206306","121388178","R"
"9","433 North Hall, Mesa, AZ, 85203","Match","Exact","433 N HALL, MESA, AZ, 85203","-111.79355,33.423588","128924932","R"
"700","1901 North Stone Avenue, Tucson, AZ, 85705","Match","Exact","1901 N STONE AVE, TUCSON, AZ, 85705","-110.97188,32.244984","121169908","L"
"701","2930 West Bethany Home Road, Phoenix, AZ, 85017","Match","Exact","2930 W BETHANY HOME RD, PHOENIX, AZ, 85017","-112.12197,33.524014","128204360","R"
"702","3834 South 91st Avenue, Tolleson, AZ, 85353","Match","Exact","3834 S 91ST AVE, TOLLESON, AZ, 85353","-112.25533,33.41354","650073729","L"
"703","13801 East Benson Highway, Vail, AZ, 85641","Match","Exact","13801 E BENSON HWY, VAIL, AZ, 85641","-110.69846,32.013428","121397434","R"
"704","12491 N Byers, Truxton, AZ, 86434","No_Match"
"705","830 South Main Street, Cottonwood, AZ, 86326","Match","Exact","830 S MAIN ST, COTTONWOOD, AZ, 86326","-112.007706,34.72594","637214158","R"
"706","6210 South 28th Street, Phoenix, AZ, 85042","Match","Exact","6210 S 28TH ST, PHOENIX, AZ, 85042","-112.021355,33.39022","653304986","R"
"707","4088 West Jefferson Road, Elfrida, AZ, 85610","Match","Exact","4088 W JEFFERSON RD, ELFRIDA, AZ, 85610","-109.68203,31.685396","645906885","R"
"708","550 West Warner Road, Chandler, AZ, 85225","Match","Exact","550 W WARNER RD, CHANDLER, AZ, 85225","-111.84952,33.335117","642854187","R"
"709","3102 N 56TH ST # 300, PHOENIX, AZ, 85018","Match","Non_Exact","3102 N 56TH ST, PHOENIX, AZ, 85018","-111.96089,33.48381","128222024","L"
"710","90 County Road 3139, Vernon, AZ, 85940","Match","Exact","90 CO RD 3139, VERNON, AZ, 85940","-109.709496,34.25006","172140494","L"
"711","3535 North 63rd Avenue, Phoenix, AZ, 85033","Match","Exact","3535 N 63RD AVE, PHOENIX, AZ, 85033","-112.19511,33.490166","128194844","R"
"712","1650 West Southern Avenue, Phoenix, AZ, 85041","Match","Exact","1650 W SOUTHERN AVE, PHOENIX, AZ, 85041","-112.09396,33.392254","128944218","R"
"713","2802 East Meadowbrook Avenue, Phoenix, AZ, 85016","Match","Exact","2802 E MEADOWBROOK AVE, PHOENIX, AZ, 85016","-112.021416,33.504158","128219292","L"
"714","5901 South Calle Santa Cruz, Tucson, AZ, 85709","No_Match"
"715","1275 East Barney Lane, Benson, AZ, 85602","No_Match"
"716","7318 West Lynwood Street, Phoenix, AZ, 85035","Match","Exact","7318 W LYNWOOD ST, PHOENIX, AZ, 85035","-112.21689,33.464485","243993027","L"
"717","812 South 6th Avenue, Phoenix, AZ, 85003","Match","Exact","812 S 6TH AVE, PHOENIX, AZ, 85003","-112.08151,33.439926","128318829","R"
"718","4650 West Sweetwater Avenue, Glendale, AZ, 85304","Match","Exact","4650 W SWEETWATER AVE, GLENDALE, AZ, 85304","-112.15874,33.603554","128176964","R"
"719","29126 San Jose Avenue, Wellton, AZ, 85356","No_Match"
"720","71001 Santa Fe Avenue, Wenden, AZ, 85357","Match","Exact","71001 SANTA FE AVE, WENDEN, AZ, 85357","-113.53945,33.824253","129731029","R"
"600","38201 West Indian School Road, Tonopah, AZ, 85354","Match","Exact","38201 W INDIAN SCHOOL RD, TONOPAH, AZ, 85354","-112.870415,33.49373","128119059","L"
"721","18052 North Black Canyon Highway, Phoenix, AZ, 85053","Match","Exact","18052 N BLACK CANYON HWY, PHOENIX, AZ, 85053","-112.115265,33.649914","647554303","L"
"601","734 West 11th Street, Safford, AZ, 85546","Match","Exact","734 W 11TH ST, SAFFORD, AZ, 85546","-109.715454,32.827675","128012711","L"
"722","18052 North Black Canyon Highway, Phoenix, AZ, 85053","Match","Exact","18052 N BLACK CANYON HWY, PHOENIX, AZ, 85053","-112.115265,33.649914","647554303","L"
"602","1055 East Hearn Road, Phoenix, AZ, 85022","Match","Exact","1055 E HEARN RD, PHOENIX, AZ, 85022","-112.0596,33.6149","128183420","R"
"723","5625 S 51ST AVE, LAVEEN, AZ, 85339","Match","Non_Exact","5625 S 51ST AVE, LAVEEN, AZ, 85339","-112.16829,33.39511","641071264","L"
"603","350 West Sahuarita Road, Sahuarita, AZ, 85629","Match","Exact","350 W SAHUARITA RD, SAHUARITA, AZ, 85629","-110.97619,31.957928","646165321","R"
"724","Glendale, AZ Glendale is a city in Maricopa county, Arizona, Glendale, AZ, NA","No_Match"
"604","38128 Saguaro Street, Salome, AZ, 85348","Match","Non_Exact","38128 SAGURO ST, SALOME, AZ, 85348","-113.61914,33.782215","129619900","L"
"725","Kingman, AZ Kingman is a city in Mohave county, Arizona, Kingman, AZ, NA","No_Match"
"605","10005 East Osborn Road, Scottsdale, AZ, 85256","Match","Exact","10005 E OSBORN RD, SCOTTSDALE, AZ, 85256","-111.86428,33.48775","128922590","R"
"726","6515 West Indian School Road, Phoenix, AZ, 85033","Match","Exact","6515 W INDIAN SCHOOL RD, PHOENIX, AZ, 85033","-112.19996,33.49487","128194748","L"
"606","Scottsdale, AZ Scottsdale is a city in Maricopa county, Arizona, Scottsdale, AZ, NA","No_Match"
"727","963 South Chief Avenue, Whiteriver, AZ, 85941","No_Match"
"607","San Carlos Avenue, San Carlos, AZ, 85550","No_Match"
"728","101 Coconino Street, Wickenburg, AZ, 85390","Match","Exact","101 COCONINO ST, WICKENBURG, AZ, 85390","-112.72903,33.968227","128132940","R"
"608","1 Schoolhouse Dr, Sasabe, AZ, 85633","No_Match"
"729","Box 309, Chambers, AZ, 86502","No_Match"
"609","HC 01 Box 8292, Sells, AZ, 85634","No_Match"
"730","480 North Bisbee Avenue, Willcox, AZ, 85643","Match","Exact","480 N BISBEE AVE, WILLCOX, AZ, 85643","-109.84137,32.261192","121004152","R"
"610","Interstate 10 Business Loop, San Simon, AZ, 85632","No_Match"
"731","636 South 7th Street, Williams, AZ, 86046","Match","Exact","636 S 7TH ST, WILLIAMS, AZ, 86046","-112.192245,35.24517","188901506","L"
"611","3959 East Elliot Road, Gilbert, AZ, 85296","No_Match"
"732","3025 East Fillmore Street, Phoenix, AZ, 85008","Match","Exact","3025 E FILLMORE ST, PHOENIX, AZ, 85008","-112.01687,33.454956","128223382","R"
"612","I-40 Hwy 191, Sanders, AZ, 86512","No_Match"
"733","Route 12, Fort Defiance, AZ, 86504","No_Match"
"613","1260 North Hohokam Drive, Nogales, AZ, 85621","Match","Exact","1260 N HOHOKAM DR, NOGALES, AZ, 85621","-110.92849,31.355425","638536471","R"
"734","800 North Apache Avenue, Winslow, AZ, 86047","Match","Exact","800 N APACHE AVE, WINSLOW, AZ, 86047","-110.69287,35.02784","639602793","R"
"614","7 Duquesne Road, Nogales, AZ, 85621","Match","Exact","7 DUQUESNE RD, NOGALES, AZ, 85621","-110.872185,31.388449","120893982","L"
"735","18912 Hays Ranch Road, Peeples Valley, AZ, 86332","No_Match"
"615","18 Calle Baca, Tubac, AZ, 85646","No_Match"
"736","2972 Centerpointe East Drive, Prescott, AZ, 86301","Match","Exact","2972 CENTERPOINTE EAST DR, PRESCOTT, AZ, 86301","-112.410545,34.62881","648161849","R"
"616","1374 West Frontage Road, Rio Rico, AZ, 85648","Match","Exact","1374 W FRONTAGE RD, RIO RICO, AZ, 85648","-111.01193,31.502821","120891683","L"
"737","Hwy 288/Baker Ranch Rd, Young, AZ, 85554","No_Match"
"617","900 North Main Street, Eloy, AZ, 85131","Match","Exact","900 N MAIN ST, ELOY, AZ, 85131","-111.55493,32.758583","647385211","L"
"738","1501 Valencia Road, Bullhead City, AZ, 86426","Match","Non_Exact","1501 E VALENCIA RD, BULLHEAD CITY, AZ, 86426","-114.59786,35.033314","618651929","R"
"618","HC 01 Box 8400, Sells, AZ, 85634","No_Match"
"739","12261 South 3rd Street, Yucca, AZ, 86438","Match","Non_Exact","12261 3RD ST, YUCCA, AZ, 86438","-114.15051,34.872616","618630012","L"
"619","HC O2 Box 7570, Sells, AZ, 85634","No_Match"
"740","450 South 4th Avenue, Yuma, AZ, 85364","Match","Exact","450 S 4TH AVE, YUMA, AZ, 85364","-114.62459,32.718784","129625047","R"
"620","3727 North 1st Avenue, Tucson, AZ, 85719","Match","Exact","3727 N 1ST AVE, TUCSON, AZ, 85719","-110.96105,32.274437","612997368","L"
"741","3834 West 16th Street, Yuma, AZ, 85364","Match","Exact","3834 W 16TH ST, YUMA, AZ, 85364","-114.66551,32.69842","129670860","R"
"500","310 West Plum Street, Nogales, AZ, 85621","Match","Exact","310 W PLUM ST, NOGALES, AZ, 85621","-110.94227,31.34034","120861833","R"
"621","Phoenix, AZ Phoenix is a city in Maricopa county, Arizona, Phoenix, AZ, NA","No_Match"
"742","3150 South Avenue A, Yuma, AZ, 85364","Match","Exact","3150 S AVE A, YUMA, AZ, 85364","-114.63307,32.671898","129668744","R"
"501","3102 N 56TH ST # 300, PHOENIX, AZ, 85018","Match","Non_Exact","3102 N 56TH ST, PHOENIX, AZ, 85018","-111.96089,33.48381","128222024","L"
"622","8055 East 22nd Street, Tucson, AZ, 85710","Match","Exact","8055 E 22ND ST, TUCSON, AZ, 85710","-110.821045,32.206432","121182937","L"
"502","10720 West Indian School Road, Phoenix, AZ, 85037","Match","Exact","10720 W INDIAN SCHOOL RD, PHOENIX, AZ, 85037","-112.291405,33.49371","128421489","L"
"623","10460 N 56TH ST, SCOTTSDALE, AZ, 85253","Match","Exact","10460 N 56TH ST, SCOTTSDALE, AZ, 85253","-111.96062,33.581123","642850930","L"
"503","Off Hwy 163 .6 Mi East of Kay, Kayenta, AZ, 86033","No_Match"
"624","3102 North 56th Street, Phoenix, AZ, 85018","Match","Exact","3102 N 56TH ST, PHOENIX, AZ, 85018","-111.96089,33.48381","128222024","L"
"504","951 West Snowflake Boulevard, Snowflake, AZ, 85937","Match","Non_Exact","951 SNOWFLAKE BLVD, SNOWFLAKE, AZ, 85937","-110.10348,34.513134","172691101","R"
"625","7575 East Main Street, Scottsdale, AZ, 85251","Match","Exact","7575 E MAIN ST, SCOTTSDALE, AZ, 85251","-111.91783,33.4931","128229619","R"
"505","3300 Sparrow Avenue, Flagstaff, AZ, 86004","Match","Exact","3300 SPARROW AVE, FLAGSTAFF, AZ, 86004","-111.60528,35.19879","189049793","R"
"626","HC 63 Box H, Winslow, AZ, 86047","No_Match"
"506","440 North Grande Avenue, Tucson, AZ, 85745","Match","Exact","440 N GRANDE AVE, TUCSON, AZ, 85745","-110.989296,32.22733","612568545","R"
"627","P.O. Box 98, Second Mesa, AZ, 86043","No_Match"
"507","13832 North 32nd Street, Phoenix, AZ, 85032","Match","Exact","13832 N 32ND ST, PHOENIX, AZ, 85032","-112.013275,33.61195","128185361","L"
"628","165 Kachina Drive, Sedona, AZ, 86336","Match","Exact","165 KACHINA DR, SEDONA, AZ, 86336","-111.81945,34.863052","159473979","R"
"508","1402 San Antonio Avenue, Douglas, AZ, 85607","Match","Exact","1402 SAN ANTONIO AVE, DOUGLAS, AZ, 85607","-109.53231,31.348673","120910395","L"
"629","Sedona, AZ Sedona is a city in Yavapai county, Arizona, Sedona, AZ, NA","No_Match"
"509","13644 North Sandario Road, Marana, AZ, 85653","Match","Exact","13644 N SANDARIO RD, MARANA, AZ, 85653","-111.216995,32.454212","121156023","R"
"630","Phoenix, AZ Phoenix is a city in Maricopa county, Arizona, Phoenix, AZ, NA","No_Match"
"510","725 North Carpenter Drive, Oracle, AZ, 85623","Match","Exact","725 N CARPENTER DR, ORACLE, AZ, 85623","-110.76092,32.6079","129230505","L"
"631","1709 North Greenfield Road, Mesa, AZ, 85205","Match","Exact","1709 N GREENFIELD RD, MESA, AZ, 85205","-111.73616,33.446022","128838914","R"
"511","1226 West Osborn Road, Phoenix, AZ, 85013","Match","Exact","1226 W OSBORN RD, PHOENIX, AZ, 85013","-112.088264,33.487747","128206283","R"
"632","54255 Main Street, Seligman, AZ, 86337","Match","Exact","54255 MAIN ST, SELIGMAN, AZ, 86337","-112.87449,35.32952","159464198","R"
"512","14109 Chicken Springs Road, Wikieup, AZ, 85360","Match","Exact","14109 CHICKEN SPRINGS RD, WIKIEUP, AZ, 85360","-113.61606,34.705162","190361735","L"
"633","40 West Fort Lowell Road, Tucson, AZ, 85705","Match","Exact","40 W FORT LOWELL RD, TUCSON, AZ, 85705","-110.97256,32.264744","121167089","R"
"513","2504 South 91st Avenue, Tolleson, AZ, 85353","Match","Exact","2504 S 91ST AVE, TOLLESON, AZ, 85353","-112.25552,33.424152","243926135","L"
"634","53802 W US Hwy 80, Dateland, AZ, 85333","No_Match"
"514","6711 East 2nd Street, Prescott Valley, AZ, 86314","Match","Exact","6711 E 2ND ST, PRESCOTT VALLEY, AZ, 86314","-112.349236,34.58037","159539781","R"
"635","98 U.S. 160, Shonto, AZ, 86054","No_Match"
"515","500 South Navajo Drive, Page, AZ, 86040","No_Match"
"636","P.O. Box 7900, Shonto, AZ, 86054","No_Match"
"516","145 Leupp Road, Flagstaff, AZ, 86004","Match","Exact","145 LEUPP RD, FLAGSTAFF, AZ, 86004","-111.43008,35.226353","189072724","R"
"637","500 West Old Linden Road, Show Low, AZ, 85901","Match","Exact","500 W OLD LINDEN RD, SHOW LOW, AZ, 85901","-110.04757,34.256927","635837799","L"
"517","2400 South 247th Avenue, Buckeye, AZ, 85326","No_Match"
"638","3555 East Fry Boulevard, Sierra Vista, AZ, 85635","Match","Exact","3555 E FRY BLVD, SIERRA VISTA, AZ, 85635","-110.262985,31.554636","120925813","L"
"518","2100 Willow Creek Road, Prescott, AZ, 86301","Match","Exact","2100 WILLOW CREEK RD, PRESCOTT, AZ, 86301","-112.48221,34.57825","159456381","L"
"639","3150 Old Skull Valley Road, Skull Valley, AZ, 86338","Match","Exact","3150 OLD SKULL VALLEY RD, SKULL VALLEY, AZ, 86338","-112.68796,34.49775","639047214","L"
"519","10700 South Palo Verde Road, Palo Verde, AZ, 85343","Match","Exact","10700 S PALO VERDE RD, PALO VERDE, AZ, 85343","-112.67702,33.349464","128423381","L"
"640","978 Preschool Road, Bapchule, AZ, 85121","No_Match"
"520","38739 W I 8, GILA BEND, AZ, 85337","No_Match"
"641","7500 South 40th Street, Phoenix, AZ, 85042","No_Match"
"400","3033 McDonald Avenue, Kingman, AZ, 86401","No_Match"
"521","6849 Arizona 92, Hereford, AZ, 85615","No_Match"
"642","125 South Rush Street, Prescott, AZ, 86303","Match","Exact","125 S RUSH ST, PRESCOTT, AZ, 86303","-112.456894,34.541637","159457172","R"
"401","150 Main Street, Kirkland, AZ, 86332","No_Match"
"522","Phoenix, AZ Phoenix is a city in Maricopa county, Arizona, Phoenix, AZ, NA","No_Match"
"643","682 West School Bus Lane, Snowflake, AZ, 85937","Match","Exact","682 W SCHOOL BUS LN, SNOWFLAKE, AZ, 85937","-110.08965,34.505154","172586098","R"
"402","8700 South Kyrene Road, Tempe, AZ, 85284","Match","Exact","8700 S KYRENE RD, TEMPE, AZ, 85284","-111.94566,33.335823","128779924","R"
"523","15002 North 32nd Street, Phoenix, AZ, 85032","Match","Exact","15002 N 32ND ST, PHOENIX, AZ, 85032","-112.013336,33.622738","128185322","L"
"644","2250 South Stevens Avenue, Solomon, AZ, 85551","No_Match"
"403","124 North Virginia Street, Prescott, AZ, 86301","Match","Exact","124 NORTH VIRGINIA ST, PRESCOTT, AZ, 86301","-112.46183,34.542744","159457096","L"
"524","12775 North 175th Avenue, Surprise, AZ, 85388","Match","Non_Exact","12775 N 175 DR, SURPRISE, AZ, 85388","-112.436676,33.6001","617972096","R"
"645","343 Carlisle Avenue, Somerton, AZ, 85350","No_Match"
"404","2200 Havasupai Boulevard, Lake Havasu City, AZ, 86403","Match","Exact","2200 HAVASUPAI BLVD, LAKE HAVASU CITY, AZ, 86403","-114.33096,34.49822","190280833","R"
"525","2508 East Halcyon Road, Tucson, AZ, 85716","Match","Non_Exact","2508 E HALCYON ST, TUCSON, AZ, 85716","-110.93493,32.267666","121168470","R"
"646","23 ELGIN RD, ELGIN, AZ, 85611","No_Match"
"405","5001 W DOBBINS RD, LAVEEN, AZ, 85339","Match","Exact","5001 W DOBBINS RD, LAVEEN, AZ, 85339","-112.16739,33.36293","642658251","L"
"526","11039 West Olive Avenue, Peoria, AZ, 85345","Match","Exact","11039 W OLIVE AVE, PEORIA, AZ, 85345","-112.29538,33.56557","128314392","L"
"647","6724 South Kings Ranch Road, Gold Canyon, AZ, 85118","No_Match"
"406","633 East Ray Road, Gilbert, AZ, 85296","Match","Exact","633 E RAY RD, GILBERT, AZ, 85296","-111.77641,33.3211","128839076","R"
"527","9030 Florentine Road, Prescott Valley, AZ, 86314","No_Match"
"648","7450 South 40th Street, Phoenix, AZ, 85042","Match","Exact","7450 S 40TH ST, PHOENIX, AZ, 85042","-111.99556,33.382412","243919346","R"
"407","633 East Ray Road, Gilbert, AZ, 85296","Match","Exact","633 E RAY RD, GILBERT, AZ, 85296","-111.77641,33.3211","128839076","R"
"528","1608 South Laguna Avenue, Parker, AZ, 85344","Match","Exact","1608 S LAGUNA AVE, PARKER, AZ, 85344","-114.2891,34.14278","129603042","L"
"649","7450 South 40th Street, Phoenix, AZ, 85042","Match","Exact","7450 S 40TH ST, PHOENIX, AZ, 85042","-111.99556,33.382412","243919346","R"
"408","4815 West Hunt Highway, Queen Creek, AZ, 85142","No_Match"
"529","Phoenix, AZ Phoenix is a city in Maricopa county, Arizona, Phoenix, AZ, NA","No_Match"
"409","7420 East Main Street, Mesa, AZ, 85207","No_Match"
"650","2470 North Tucson Boulevard, Tucson, AZ, 85716","Match","Exact","2470 N TUCSON BLVD, TUCSON, AZ, 85716","-110.93535,32.25149","121155884","R"
"530","100 School Street, Patagonia, AZ, 85624","No_Match"
"651","850 West Valencia Road, Tucson, AZ, 85706","Match","Exact","850 W VALENCIA RD, TUCSON, AZ, 85706","-110.98286,32.13393","121185428","R"
"410","7420 East Main Street, Mesa, AZ, 85207","No_Match"
"531","500 North 3rd Avenue, Patagonia, AZ, 85624","Match","Exact","500 N 3RD AVE, PATAGONIA, AZ, 85624","-110.75817,31.542204","640027353","R"
"652","4301 West Fillmore Street, Phoenix, AZ, 85043","Match","Exact","4301 W FILLMORE ST, PHOENIX, AZ, 85043","-112.151985,33.45488","128841123","L"
"411","Maricopa, AZ Maricopa is a city in Pinal county, Arizona, Maricopa, AZ, NA","No_Match"
"532","Hwy 82, Patagonia, AZ, 85624","No_Match"
"653","210 South 1st Avenue, Yuma, AZ, 85364","Match","Exact","210 S 1ST AVE, YUMA, AZ, 85364","-114.62087,32.72384","129625033","R"
"412","Casa Grande, AZ Casa Grande is a city in Pinal county, Arizona, Casa Grande, AZ, NA","No_Match"
"533","18052 North Black Canyon Highway, Phoenix, AZ, 85053","Match","Exact","18052 N BLACK CANYON HWY, PHOENIX, AZ, 85053","-112.115265,33.649914","647554303","L"
"654","70 East Patton Street, Saint David, AZ, 85630","Match","Exact","70 E PATTON ST, SAINT DAVID, AZ, 85630","-110.22019,31.905275","120971493","R"
"413","Chandler, AZ Chandler is a city in Maricopa county, Arizona, Chandler, AZ, NA","No_Match"
"534","Phoenix, AZ Phoenix is a city in Maricopa county, Arizona, Phoenix, AZ, NA","No_Match"
"655","450 South 13th West, Saint Johns, AZ, 85936","No_Match"
"414","Chandler, AZ Chandler is a city in Maricopa county, Arizona, Chandler, AZ, NA","No_Match"
"535","3404 N 56th Street, Scottsdale, AZ, 85255","No_Match"
"656","515 South Stanfield Road, Stanfield, AZ, 85172","Match","Exact","515 S STANFIELD RD, STANFIELD, AZ, 85172","-111.96369,32.871628","129285157","R"
"415","Chandler, AZ Chandler is a city in Maricopa county, Arizona, Chandler, AZ, NA","No_Match"
"536","19011 East San Tan Boulevard, Queen Creek, AZ, 85142","Match","Exact","19011 E SAN TAN BLVD, QUEEN CREEK, AZ, 85142","-111.67287,33.212116","637189867","L"
"657","3535 East McDowell Road, Phoenix, AZ, 85008","Match","Exact","3535 E MCDOWELL RD, PHOENIX, AZ, 85008","-112.0054,33.465694","128223294","R"
"416","Chandler, AZ Chandler is a city in Maricopa county, Arizona, Chandler, AZ, NA","No_Match"
"537","902 West Main Street, Payson, AZ, 85541","No_Match"
"658","44 East 5th Street, Mesa, AZ, 85201","Match","Exact","44 E 5TH ST, MESA, AZ, 85201","-111.831055,33.42398","128235044","L"
"417","Maricopa, AZ Maricopa is a city in Pinal county, Arizona, Maricopa, AZ, NA","No_Match"
"538","403 Diamond Creek Road, Peach Springs, AZ, 86434","Match","Exact","403 DIAMOND CREEK RD, PEACH SPRINGS, AZ, 86434","-113.424,35.53507","190256956","L"
"659","35812 North 7th Street, Phoenix, AZ, 85086","Match","Exact","35812 N 7TH ST, PHOENIX, AZ, 85086","-112.06544,33.811043","647532640","L"
"418","Chandler, AZ Chandler is a city in Maricopa county, Arizona, Chandler, AZ, NA","No_Match"
"539","2016 North First Street, Flagstaff, AZ, 86004","Match","Exact","2016 N 1ST ST, FLAGSTAFF, AZ, 86004","-111.61704,35.20791","188863482","R"
"419","Tucson, AZ Tucson is a city in Pima county, Arizona, Tucson, AZ, NA","No_Match"
"660","4560 South Coach Drive, Tucson, AZ, 85714","Match","Exact","4560 S COACH DR, TUCSON, AZ, 85714","-110.914185,32.16875","645509323","R"
"540","1 1/2 M. off Hwy 191 & Old Pea, Pearce, AZ, 85625","No_Match"
"661","16011 North Dysart Road, Surprise, AZ, 85374","Match","Exact","16011 N DYSART RD, SURPRISE, AZ, 85374","-112.34207,33.62837","128398591","R"
"420","Peoria, AZ Peoria is a city in Maricopa county, Arizona, Peoria, AZ, NA","No_Match"
"541","3802 North 91st Avenue, Phoenix, AZ, 85037","Match","Exact","3802 N 91ST AVE, PHOENIX, AZ, 85037","-112.25516,33.49125","640591090","L"
"662","2238 East Ginter Road, Tucson, AZ, 85706","Match","Exact","2238 E GINTER RD, TUCSON, AZ, 85706","-110.938,32.137695","121196414","R"
"300","4465 W Pecos Rd, Laveen, AZ, 85339","Match","Exact","4465 W PECOS RD, LAVEEN, AZ, 85339","-112.15571,33.290447","648993125","R"
"421","Chandler, AZ Chandler is a city in Maricopa county, Arizona, Chandler, AZ, NA","No_Match"
"542","7102 North 58th Drive, Glendale, AZ, 85301","Match","Exact","7102 N 58TH DR, GLENDALE, AZ, 85301","-112.18496,33.540756","128193027","L"
"663","1500 Panther Drive, Superior, AZ, 85173","No_Match"
"301","3998 W BALLPARK ST, THATCHER, AZ, 85552","No_Match"
"422","San Tan Valley, AZ San Tan Valley is a city in Pinal county, Arizona, San Tan Valley, AZ, NA","No_Match"
"543","6330 West Thunderbird Road, Glendale, AZ, 85306","Match","Exact","6330 W THUNDERBIRD RD, GLENDALE, AZ, 85306","-112.1955,33.610676","128174150","R"
"664","7229 North 13th Way, Phoenix, AZ, 85020","Match","Exact","7229 N 13TH WAY, PHOENIX, AZ, 85020","-112.051506,33.542824","128207467","R"
"302","1016 North Burk Street, Gilbert, AZ, 85234","Match","Exact","1016 N BURK ST, GILBERT, AZ, 85234","-111.7822,33.368664","128970152","L"
"423","Surprise, AZ Surprise is a city in Maricopa county, Arizona, Surprise, AZ, NA","No_Match"
"544","3738 North 16th Street, Phoenix, AZ, 85016","Match","Exact","3738 N 16TH ST, PHOENIX, AZ, 85016","-112.04765,33.48999","128209723","L"
"665","1301 East Almeria Road, Phoenix, AZ, 85006","Match","Exact","1301 E ALMERIA RD, PHOENIX, AZ, 85006","-112.05406,33.466682","128213352","R"
"303","7301 North 58th Avenue, Glendale, AZ, 85301","Match","Exact","7301 N 58TH AVE, GLENDALE, AZ, 85301","-112.183685,33.544117","128192998","R"
"424","Laveen, AZ Laveen is a city in Maricopa county, Arizona, LAVEEN, AZ, NA","No_Match"
"545","1903 East Roeser Road, Phoenix, AZ, 85040","Match","Exact","1903 E ROESER RD, PHOENIX, AZ, 85040","-112.04072,33.399643","637438814","R"
"666","P.O. Box 2002, Teec Nos Pos, AZ, 86514","No_Match"
"304","3102 N 56TH ST # 300, PHOENIX, AZ, 85018","Match","Non_Exact","3102 N 56TH ST, PHOENIX, AZ, 85018","-111.96089,33.48381","128222024","L"
"425","7720 N Silverlight Rd., Tucson, AZ, 85743","No_Match"
"546","1817 North 7th Street, Phoenix, AZ, 85006","Match","Exact","1817 N 7TH ST, PHOENIX, AZ, 85006","-112.06511,33.468464","128213063","R"
"667","2300 North Tanque Verde Loop Road, Tucson, AZ, 85749","Match","Exact","2300 N TANQUE VERDE LOOP RD, TUCSON, AZ, 85749","-110.75559,32.24961","646171237","R"
"305","7650 North 43rd Avenue, Glendale, AZ, 85301","Match","Exact","7650 N 43RD AVE, GLENDALE, AZ, 85301","-112.15159,33.54727","128355070","L"
"426","HC 61 Box D, Winslow, AZ, 86047","No_Match"
"547","1613 West Street Catherine Avenue, Phoenix, AZ, 85041","No_Match"
"668","3102 North 56th Street, Phoenix, AZ, 85018","Match","Exact","3102 N 56TH ST, PHOENIX, AZ, 85018","-111.96089,33.48381","128222024","L"
"306","7541 South Willow Drive, Tempe, AZ, 85283","Match","Exact","7541 S WILLOW DR, TEMPE, AZ, 85283","-111.91475,33.349895","128367933","L"
"427","19871 West Fremont Road, Buckeye, AZ, 85326","Match","Exact","19871 W FREMONT RD, BUCKEYE, AZ, 85326","-112.484085,33.381096","647418124","L"
"548","5312 North 12th Street, Phoenix, AZ, 85014","Match","Exact","5312 N 12TH ST, PHOENIX, AZ, 85014","-112.05625,33.513844","128208621","L"
"669","2598 Starlite Lane, Lake Havasu City, AZ, 86403","Match","Exact","2598 STARLITE LN, LAKE HAVASU CITY, AZ, 86403","-114.31719,34.491447","190281233","R"
"307","501 East Ash Street, Globe, AZ, 85501","Match","Non_Exact","501 W ASH ST, GLOBE, AZ, 85501","-110.79072,33.399326","159303662","R"
"428","1300 East Cedar Street, Globe, AZ, 85501","Match","Exact","1300 E CEDAR ST, GLOBE, AZ, 85501","-110.77663,33.40058","159352174","R"
"549","4502 North Central Avenue, Phoenix, AZ, 85012","Match","Exact","4502 N CENTRAL AVE, PHOENIX, AZ, 85012","-112.07378,33.50216","128208692","L"
"308","523 South 10th Avenue, Safford, AZ, 85546","Match","Exact","523 S 10TH AVE, SAFFORD, AZ, 85546","-109.71883,32.834084","638082077","L"
"429","4027 North 45th Avenue, Phoenix, AZ, 85031","Match","Exact","4027 N 45TH AVE, PHOENIX, AZ, 85031","-112.15594,33.493984","128198357","R"
"309","150 E 4th S, Pima, AZ, 85543","No_Match"
"670","1251 East Southern Avenue, Tempe, AZ, 85282","Match","Exact","1251 E SOUTHERN AVE, TEMPE, AZ, 85282","-111.91886,33.39297","128232185","R"
"550","17865 South Vail Road, Picacho, AZ, 85141","No_Match"
"671","1251 East Southern Avenue, Tempe, AZ, 85282","Match","Exact","1251 E SOUTHERN AVE, TEMPE, AZ, 85282","-111.91886,33.39297","128232185","R"
"430","8123 North 35th Avenue, Phoenix, AZ, 85051","No_Match"
"551","8433 N BLACK CANYON HWY STE 16, PHOENIX, AZ, 85021","Match","Non_Exact","8433 N BLACK CANYON HWY, PHOENIX, AZ, 85021","-112.11377,33.559418","128202981","R"
"672","3205 South Rural Road, Tempe, AZ, 85282","Match","Exact","3205 S RURAL RD, TEMPE, AZ, 85282","-111.926315,33.39391","128227710","L"
"310","1 Boulder Street, Grand Canyon Village, AZ, 86023","Match","Non_Exact","1 BOULDER ST, GRAND CANYON, AZ, 86023","-112.14169,36.05292","188882960","L"
"431","3295 West Orange Grove Road, Tucson, AZ, 85741","Match","Exact","3295 W ORANGE GROVE RD, TUCSON, AZ, 85741","-111.03595,32.32319","606962544","L"
"552","175 West Irvington Road, Tucson, AZ, 85714","Match","Exact","175 W IRVINGTON RD, TUCSON, AZ, 85714","-110.97114,32.163242","121173217","L"
"673","500 West Guadalupe Road, Tempe, AZ, 85283","Match","Exact","500 W GUADALUPE RD, TEMPE, AZ, 85283","-111.949486,33.36367","128802238","R"
"311","44400 Honeycutt Road, Maricopa, AZ, 85138","Match","Non_Exact","44400 W HONEYCUTT RD, MARICOPA, AZ, 85138","-112.03659,33.058002","129156501","R"
"432","3295 West Orange Grove Road, Tucson, AZ, 85741","Match","Exact","3295 W ORANGE GROVE RD, TUCSON, AZ, 85741","-111.03595,32.32319","606962544","L"
"553","2855 West Master Pieces Drive, Tucson, AZ, 85741","Match","Non_Exact","2855 W MASTERS PIECES DR, TUCSON, AZ, 85741","-111.02801,32.312977","606808819","L"
"674","3490 West Main Street, Thatcher, AZ, 85552","Match","Exact","3490 W MAIN ST, THATCHER, AZ, 85552","-109.758675,32.849133","128011575","L"
"312","HC 58 Box 60, Ganado, AZ, 86505","No_Match"
"433","3102 North 56th Street, Phoenix, AZ, 85018","Match","Exact","3102 N 56TH ST, PHOENIX, AZ, 85018","-111.96089,33.48381","128222024","L"
"554","924 North Alvernon Way, Tucson, AZ, 85711","Match","Exact","924 N ALVERNON WAY, TUCSON, AZ, 85711","-110.90964,32.233074","121175234","R"
"675","5383 East Rockridge Road, Phoenix, AZ, 85018","Match","Exact","5383 E ROCKRIDGE RD, PHOENIX, AZ, 85018","-111.96487,33.50662","128221727","R"
"313","1466 West Camino Antigua, Sahuarita, AZ, 85629","No_Match"
"434","272 East Sagebrush Street, Litchfield Park, AZ, 85340","No_Match"
"555","924 North Alvernon Way, Tucson, AZ, 85711","Match","Exact","924 N ALVERNON WAY, TUCSON, AZ, 85711","-110.90964,32.233074","121175234","R"
"676","4530 East Gold Dust Avenue, Phoenix, AZ, 85028","Match","Exact","4530 E GOLD DUST AVE, PHOENIX, AZ, 85028","-111.9825,33.579098","128354406","L"
"314","1 Warrior Drive, Tuba City, AZ, 86045","No_Match"
"435","12990 East Shea Boulevard, Scottsdale, AZ, 85259","Match","Exact","12990 E SHEA BLVD, SCOTTSDALE, AZ, 85259","-111.809265,33.58243","128957518","L"
"556","924 North Alvernon Way, Tucson, AZ, 85711","Match","Exact","924 N ALVERNON WAY, TUCSON, AZ, 85711","-110.90964,32.233074","121175234","R"
"677","2222 South Price Road, Tempe, AZ, 85282","Match","Exact","2222 S PRICE RD, TEMPE, AZ, 85282","-111.892,33.406094","128789317","R"
"315","1844 South Alvernon Way, Tucson, AZ, 85711","No_Match"
"436","P.O. Box AQ, Winslow, AZ, 86047","No_Match"
"557","1690 West Irvington Road, Tucson, AZ, 85746","Match","Exact","1690 W IRVINGTON RD, TUCSON, AZ, 85746","-111.00454,32.159428","121410025","R"
"678","950 North Peart Road, Casa Grande, AZ, 85122","No_Match"
"316","1333 East 10th Street, Tucson, AZ, 85719","Match","Exact","1333 E 10TH ST, TUCSON, AZ, 85719","-110.951866,32.222546","121174227","L"
"437","3475 E RIO VIRGIN RD, BEAVER DAM, AZ, 86432","No_Match"
"558","192 East 200 South, Pima, AZ, 85543","Match","Non_Exact","192 200 S, PIMA, AZ, 85543","-109.83108,32.8926","128009947","L"
"679","1495 South Verrado Way, Buckeye, AZ, 85326","No_Match"
"317","9501 Nellie Drive, Kingman, AZ, 86401","No_Match"
"438","1600 S 107TH AVE, AVONDALE, AZ, 85323","No_Match"
"559","1120 West Kaibab Lane, Flagstaff, AZ, 86001","Match","Exact","1120 W KAIBAB LN, FLAGSTAFF, AZ, 86001","-111.66651,35.19117","188997827","L"
"318","827 East 6th Avenue, Mesa, AZ, 85204","Match","Exact","827 E 6TH AVE, MESA, AZ, 85204","-111.813354,33.404186","128245666","R"
"439","Route 13, Lukachukai, AZ, 86507","No_Match"
"319","827 East 6th Avenue, Mesa, AZ, 85204","Match","Exact","827 E 6TH AVE, MESA, AZ, 85204","-111.813354,33.404186","128245666","R"
"680","7777 South 15th Terrace, Phoenix, AZ, 85042","Match","Exact","7777 S 15TH TER, PHOENIX, AZ, 85042","-112.048744,33.37748","244007730","R"
"560","P.O. Box 4198, Houck, AZ, 86506","No_Match"
"681","249 Standage Drive, Payson, AZ, 85541","Match","Exact","249 STANDAGE DR, PAYSON, AZ, 85541","-111.13171,34.317455","634281557","R"
"440","25 East Drachman Street, Tucson, AZ, 85705","Match","Exact","25 E DRACHMAN ST, TUCSON, AZ, 85705","-110.97138,32.2395","121170133","L"
"561","3868 Pine Creek Drive, Pine, AZ, 85544","No_Match"
"682","P.O. Box 567, Ft. Apache, AZ, 85926","No_Match"
"320","1185 South 4th Avenue, Yuma, AZ, 85364","Match","Exact","1185 S 4TH AVE, YUMA, AZ, 85364","-114.62466,32.70613","647535602","L"
"441","5601 North 16th Street, Phoenix, AZ, 85016","No_Match"
"562","Casa Grande, AZ Casa Grande is a city in Pinal county, Arizona, Casa Grande, AZ, NA","No_Match"
"683","2127 West Harwell Road, Phoenix, AZ, 85041","Match","Exact","2127 W HARWELL RD, PHOENIX, AZ, 85041","-112.10562,33.37456","128844056","R"
"200","7107 North Black Canyon Highway, Phoenix, AZ, 85021","Match","Exact","7107 N BLACK CANYON HWY, PHOENIX, AZ, 85021","-112.111885,33.53969","128203134","R"
"321","P.O. Box 568, Keams Canyon, AZ, 86034","No_Match"
"442","1431 East Campbell Avenue, Phoenix, AZ, 85014","Match","Exact","1431 E CAMPBELL AVE, PHOENIX, AZ, 85014","-112.049576,33.50195","128209618","R"
"563","Nogales, AZ Nogales is a city in Santa Cruz county, Arizona, Nogales, AZ, NA","No_Match"
"684","HC01 Box 8513, SELLS, AZ, 85634","No_Match"
"201","18052 North Black Canyon Highway, Phoenix, AZ, 85053","Match","Exact","18052 N BLACK CANYON HWY, PHOENIX, AZ, 85053","-112.115265,33.649914","647554303","L"
"322","621 West Clay Avenue, Flagstaff, AZ, 86001","Match","Exact","621 W CLAY AVE, FLAGSTAFF, AZ, 86001","-111.6586,35.195763","648101369","L"
"443","10 North Spring Valley Road, Parks, AZ, 86018","Match","Exact","10 N SPRING VALLEY RD, PARKS, AZ, 86018","-111.94916,35.267883","636481402","L"
"564","Mesa, AZ Mesa is a city in Maricopa county, Arizona, Mesa, AZ, NA","No_Match"
"685","9401 West Garfield Street, Tolleson, AZ, 85353","Match","Exact","9401 W GARFIELD ST, TOLLESON, AZ, 85353","-112.26243,33.455738","128390921","L"
"202","Navajo Boulevard, Chinle, AZ, 86503","No_Match"
"323","Winkelman, AZ Winkelman is a city in Gila county, Arizona, Winkelman, AZ, NA","No_Match"
"444","San Manuel, AZ San Manuel is a city in Pinal county, Arizona, San Manuel, AZ, NA","No_Match"
"565","Tempe, AZ Tempe is a city in Maricopa county, Arizona, Tempe, AZ, NA","No_Match"
"686","9801 West Van Buren Street, Tolleson, AZ, 85353","Match","Exact","9801 W VAN BUREN ST, TOLLESON, AZ, 85353","-112.27025,33.450245","243922548","L"
"203","Cottonwood, AZ Cottonwood is a city in Yavapai county, Arizona, Cottonwood, AZ, NA","No_Match"
"324","Heber, AZ Heber is a city in Navajo county, Arizona, HEBER, AZ, NA","No_Match"
"445","P.O. Box 70, Many Farms, AZ, 86538","No_Match"
"566","Mesa, AZ Mesa is a city in Maricopa county, Arizona, Mesa, AZ, NA","No_Match"
"687","3315 North Toltec Road, Eloy, AZ, 85131","No_Match"
"204","6313 W SOUTHERN AVE, LAVEEN, AZ, 85339","Match","Exact","6313 W SOUTHERN AVE, LAVEEN, AZ, 85339","-112.19329,33.391823","128863751","R"
"325","32 South Center Street, Mesa, AZ, 85210","Match","Exact","32 S CENTER ST, MESA, AZ, 85210","-111.83148,33.414356","642658000","R"
"446","P.O. Box 307, Many Farms, AZ, 86538","No_Match"
"567","P.O. Box 159, Pinon, AZ, 86510","No_Match"
"688","805 East Fremont Street, Tombstone, AZ, 85638","Match","Exact","805 E FREMONT ST, TOMBSTONE, AZ, 85638","-110.06172,31.71191","120923748","L"
"205","P.O. Box 2000, Red Valley, AZ, 86544","No_Match"
"326","32 South Center Street, Mesa, AZ, 85210","Match","Exact","32 S CENTER ST, MESA, AZ, 85210","-111.83148,33.414356","642658000","R"
"447","11279 West Grier Road, Marana, AZ, 85653","Match","Exact","11279 W GRIER RD, MARANA, AZ, 85653","-111.20761,32.453335","639447541","L"
"568","Ind Route 41, Pinon, AZ, 86510","No_Match"
"689","P.O. Box 39, Tonalea, AZ, 86044","No_Match"
"206","4747 West Calle Vicam, Tucson, AZ, 85757","No_Match"
"327","32 South Center Street, Mesa, AZ, 85210","Match","Exact","32 S CENTER ST, MESA, AZ, 85210","-111.83148,33.414356","642658000","R"
"448","108 North 40th Street, Phoenix, AZ, 85034","Match","Non_Exact","108 S 40TH ST, PHOENIX, AZ, 85034","-111.99547,33.4462","128921282","R"
"569","6629 West Clarendon Avenue, Phoenix, AZ, 85033","Match","Exact","6629 W CLARENDON AVE, PHOENIX, AZ, 85033","-112.201965,33.491203","128194750","L"
"207","200 North Stone Avenue, Tucson, AZ, 85701","Match","Exact","200 N STONE AVE, TUCSON, AZ, 85701","-110.97162,32.224373","121170716","R"
"328","4027 North 45th Avenue, Phoenix, AZ, 85031","Match","Exact","4027 N 45TH AVE, PHOENIX, AZ, 85031","-112.15594,33.493984","128198357","R"
"449","3409 West Whitton Avenue, Phoenix, AZ, 85017","Match","Exact","3409 W WHITTON AVE, PHOENIX, AZ, 85017","-112.132385,33.48965","128199357","L"
"208","4250 West 16th Street, Yuma, AZ, 85364","Match","Exact","4250 W 16TH ST, YUMA, AZ, 85364","-114.67135,32.698395","639947447","L"
"329","12051 East Fort Lowell Road, Tucson, AZ, 85749","Match","Exact","12051 E FORT LOWELL RD, TUCSON, AZ, 85749","-110.73329,32.265663","625120763","L"
"209","2645 North 24th Street, Phoenix, AZ, 85008","Match","Exact","2645 N 24TH ST, PHOENIX, AZ, 85008","-112.03019,33.477104","128919528","R"
"690","445 Arizona 188, Tonto Basin, AZ, 85553","No_Match"
"570","2504 South 91st Avenue, Tolleson, AZ, 85353","Match","Exact","2504 S 91ST AVE, TOLLESON, AZ, 85353","-112.25552,33.424152","243926135","L"
"691","5083 Tule Drive, Topock, AZ, 86436","No_Match"
"450","44150 West Maricopa-Casa Grande Highway, Maricopa, AZ, 85138","No_Match"
"571","10215 North 43rd Avenue, Phoenix, AZ, 85051","Match","Exact","10215 N 43RD AVE, PHOENIX, AZ, 85051","-112.15148,33.577084","128196503","R"
"692","201 East Main Street, Safford, AZ, 85546","Match","Exact","201 E MAIN ST, SAFFORD, AZ, 85546","-109.70494,32.833275","128012486","R"
"330","510 South Highland Avenue, Tucson, AZ, 85719","Match","Exact","510 S HIGHLAND AVE, TUCSON, AZ, 85719","-110.95162,32.216644","121171579","R"
"451","3740 N TOLTEC RD, TOLTEC, AZ, 85131","No_Match"
"572","1396 N. Old Pomerene Rd, Pomerene, AZ, 85627","No_Match"
"693","3102 N 56TH ST # 300, PHOENIX, AZ, 85018","Match","Non_Exact","3102 N 56TH ST, PHOENIX, AZ, 85018","-111.96089,33.48381","128222024","L"
"210","2702 East Flower Street, Phoenix, AZ, 85016","Match","Exact","2702 E FLOWER ST, PHOENIX, AZ, 85016","-112.02351,33.486115","128219456","L"
"331","15600 West Hearn Road, Surprise, AZ, 85379","No_Match"
"452","5522 Side Road, Prescott, AZ, 86301","Match","Exact","5522 SIDE RD, PRESCOTT, AZ, 86301","-112.40494,34.634853","636799078","L"
"573","1840 East Benson Highway, Tucson, AZ, 85714","Match","Exact","1840 E BENSON HWY, TUCSON, AZ, 85714","-110.94403,32.1695","121195719","R"
"694","306 Main Street, Tuba City, AZ, 86045","No_Match"
"211","12450 West Maryland Avenue, Litchfield Park, AZ, 85340","Match","Exact","12450 W MARYLAND AVE, LITCHFIELD PARK, AZ, 85340","-112.326904,33.529335","128169160","R"
"332","2935 South Recker Road, Gilbert, AZ, 85295","No_Match"
"453","3102 N 56TH ST # 300, PHOENIX, AZ, 85018","Match","Non_Exact","3102 N 56TH ST, PHOENIX, AZ, 85018","-111.96089,33.48381","128222024","L"
"574","99 East Virginia Avenue, Phoenix, AZ, 85004","Match","Exact","99 E VIRGINIA AVE, PHOENIX, AZ, 85004","-112.071785,33.476627","128212970","R"
"695","Tuba City, AZ Tuba City is a city in Coconino county, Arizona, Tuba City, AZ, NA","No_Match"
"212","23550 S Tower Mountain Road, Crown King, AZ, 86343","Match","Exact","23550 TOWERS MOUNTAIN RD, CROWN KING, AZ, 86343","-112.339584,34.207916","636478288","L"
"333","4710 East Baseline Road, Mesa, AZ, 85206","Match","Exact","4710 E BASELINE RD, MESA, AZ, 85206","-111.7316,33.379227","653189044","L"
"454","365 West Cannon Avenue, Colorado City, AZ, 86021","No_Match"
"575","7544 West Indian School Road, Phoenix, AZ, 85033","Match","Exact","7544 W INDIAN SCHOOL RD, PHOENIX, AZ, 85033","-112.22172,33.494667","128916991","R"
"696","9239 East Wrightstown Road, Tucson, AZ, 85715","Match","Exact","9239 E WRIGHTSTOWN RD, TUCSON, AZ, 85715","-110.795784,32.242687","641025785","L"
"213","5580 West Chandler Boulevard, Chandler, AZ, 85226","Match","Exact","5580 W CHANDLER BLVD, CHANDLER, AZ, 85226","-111.93803,33.305393","128780843","R"
"334","Main Street, Hillside, AZ, 86321","No_Match"
"455","1557 West Prince Road, Tucson, AZ, 85705","Match","Exact","1557 W PRINCE RD, TUCSON, AZ, 85705","-110.99953,32.27222","648126668","L"
"576","146 South Granite Street, Prescott, AZ, 86303","Match","Exact","146 S GRANITE ST, PRESCOTT, AZ, 86303","-112.47154,34.541008","159457150","L"
"697","2700 West Broadway Boulevard, Tucson, AZ, 85745","Match","Exact","2700 W BROADWAY BLVD, TUCSON, AZ, 85745","-111.023476,32.221428","648129410","R"
"214","2325 West Sunset Road, Tucson, AZ, 85741","Match","Exact","2325 W SUNSET RD, TUCSON, AZ, 85741","-111.01691,32.30863","121159976","L"
"335","6535 East Osborn Road, Scottsdale, AZ, 85251","Match","Exact","6535 E OSBORN RD, SCOTTSDALE, AZ, 85251","-111.93908,33.48751","128222516","R"
"456","12606 East Main Street, Mayer, AZ, 86333","No_Match"
"577","9500 East Lorna Lane, Prescott Valley, AZ, 86314","Match","Exact","9500 E LORNA LN, PRESCOTT VALLEY, AZ, 86314","-112.30007,34.581726","159495713","L"
"698","104 East Prince Road, Tucson, AZ, 85705","Match","Exact","104 E PRINCE RD, TUCSON, AZ, 85705","-110.970505,32.271988","121167075","R"
"215","4837 East McDowell Road, Phoenix, AZ, 85008","Match","Exact","4837 E MCDOWELL RD, PHOENIX, AZ, 85008","-111.97744,33.465645","128223965","R"
"336","1000 North 8th Avenue, Holbrook, AZ, 86025","Match","Exact","1000 N 8TH AVE, HOLBROOK, AZ, 86025","-110.168365,34.909016","172584162","R"
"457","2411 West 14th Street, Tempe, AZ, 85282","No_Match"
"578","1695 East Fort Lowell Road, Tucson, AZ, 85719","Match","Exact","1695 E FORT LOWELL RD, TUCSON, AZ, 85719","-110.94617,32.264824","121168302","L"
"699","1010 East 10th Street, Tucson, AZ, 85719","Match","Exact","1010 E 10TH ST, TUCSON, AZ, 85719","-110.956085,32.222515","121171389","R"
"216","6880 East Broadway Boulevard, Tucson, AZ, 85710","Match","Exact","6880 E BROADWAY BLVD, TUCSON, AZ, 85710","-110.84549,32.22103","121182525","R"
"337","P.O. Box 42, Kykotsmovi, AZ, 86039","No_Match"
"458","Corner of Spruce & Cooley, McNary, AZ, 85930","No_Match"
"579","1515 South Higley Road, Gilbert, AZ, 85296","No_Match"
"217","5741 Ironwood Street, Tucson, AZ, 85708","Match","Non_Exact","5741 E IRONWOOD ST, TUCSON, AZ, 85708","-110.87065,32.1811","606838817","L"
"338","P.O. Box 337, Keams Canyon, AZ, 86034","No_Match"
"459","3979 West McNeal Street, McNeal, AZ, 85617","Match","Non_Exact","3979 W MCNEAL ST, MC NEAL, AZ, 85617","-109.67354,31.599514","120962555","R"
"218","17667 North 91st Avenue, Peoria, AZ, 85382","Match","Exact","17667 N 91ST AVE, PEORIA, AZ, 85382","-112.255,33.644547","128307331","R"
"339","16233 South 48th Street, Phoenix, AZ, 85048","Match","Exact","16233 S 48TH ST, PHOENIX, AZ, 85048","-111.98032,33.29968","653304361","L"
"219","3050 West Agua Fria Freeway, Phoenix, AZ, 85027","No_Match"
"580","49241 Ehrenberg-Parker Highway, Ehrenberg, AZ, 85334","Tie"
"460","63 East Main Street, Mesa, AZ, 85201","Match","Exact","63 E MAIN ST, MESA, AZ, 85201","-111.82988,33.415085","647698007","R"
"581","20217 East Chandler Heights Road, Queen Creek, AZ, 85142","Match","Exact","20217 E CHANDLER HEIGHTS RD, QUEEN CREEK, AZ, 85142","-111.6477,33.234116","244031627","L"
"340","16233 South 48th Street, Phoenix, AZ, 85048","Match","Exact","16233 S 48TH ST, PHOENIX, AZ, 85048","-111.98032,33.29968","653304361","L"
"461","1700 North 7th Avenue, Phoenix, AZ, 85007","Match","Exact","1700 N 7TH AVE, PHOENIX, AZ, 85007","-112.082664,33.466854","642658800","L"
"582","701 N. Highway 177, Kearny, AZ, 85137","No_Match"
"220","20402 North 15th Avenue, Phoenix, AZ, 85027","Match","Exact","20402 N 15TH AVE, PHOENIX, AZ, 85027","-112.09155,33.671516","128959548","R"
"341","P.O. Box 48, Hotevilla, AZ, 86030","No_Match"
"462","850 North Morley Avenue, Nogales, AZ, 85621","Match","Exact","850 N MORLEY AVE, NOGALES, AZ, 85621","-110.927895,31.34813","120861684","R"
"583","Hwy 160 - 22 miles W of 4 Corn, Teec Nos Pos, AZ, 86514","No_Match"
"100","17606 North 7th Avenue, Phoenix, AZ, 85023","Match","Exact","17606 N 7TH AVE, PHOENIX, AZ, 85023","-112.08281,33.647293","243920624","L"
"221","P.O. Box 2570, Dennehotso, AZ, 86535","No_Match"
"342","5201 North 7th Street, Phoenix, AZ, 85014","Match","Exact","5201 N 7TH ST, PHOENIX, AZ, 85014","-112.065,33.512928","128208356","R"
"463","4739 South Ragus Road, Miami, AZ, 85539","Match","Exact","4739 S RAGUS RD, MIAMI, AZ, 85539","-110.83448,33.41315","159330223","R"
"584","PO Drawer 2007, Red Valley, AZ, 86544","No_Match"
"101","4120 South Val Vista Drive, Gilbert, AZ, 85297","No_Match"
"222","5821 West Beverly Lane, Glendale, AZ, 85306","Match","Exact","5821 W BEVERLY LN, GLENDALE, AZ, 85306","-112.1847,33.633663","637535198","R"
"343","6411 North Robert Road, Prescott Valley, AZ, 86314","No_Match"
"464","3823 North 11th Street, Phoenix, AZ, 85014","Match","Exact","3823 N 11TH ST, PHOENIX, AZ, 85014","-112.05798,33.49225","128209045","R"
"585","20854 East Homestead Drive, Red Rock, AZ, 85145","No_Match"
"102","4825 East Roosevelt Street, Phoenix, AZ, 85008","Match","Exact","4825 E ROOSEVELT ST, PHOENIX, AZ, 85008","-111.977036,33.458355","128355443","R"
"223","3686 West Orange Grove Road, Tucson, AZ, 85741","Match","Exact","3686 W ORANGE GROVE RD, TUCSON, AZ, 85741","-111.04339,32.323296","121408564","L"
"344","PO Drawer 99, St. Michaels, AZ, 86511","No_Match"
"465","4707 E ROBERT E LEE ST, PHOENIX, AZ, 85032","Match","Exact","4707 E ROBERT E LEE ST, PHOENIX, AZ, 85032","-111.980606,33.65157","128362319","R"
"586","14841 North Black Canyon Highway, Phoenix, AZ, 85023","Match","Exact","14841 N BLACK CANYON HWY, PHOENIX, AZ, 85023","-112.116234,33.61947","128180812","R"
"103","11850 North 32nd Street, Phoenix, AZ, 85028","Match","Exact","11850 N 32ND ST, PHOENIX, AZ, 85028","-112.01315,33.594006","637414749","L"
"224","1350 North Arcadia Avenue, Tucson, AZ, 85712","Match","Exact","1350 N ARCADIA AVE, TUCSON, AZ, 85712","-110.88833,32.239323","121179639","R"
"345","Avenue 64 East, Dateland, AZ, 85333","No_Match"
"466","3600 North Sunset Drive, Chino Valley, AZ, 86323","No_Match"
"587","14841 North Black Canyon Highway, Phoenix, AZ, 85023","Match","Exact","14841 N BLACK CANYON HWY, PHOENIX, AZ, 85023","-112.116234,33.61947","128180812","R"
"104","25952 North Lake Pleasant Parkway, Peoria, AZ, 85383","Match","Non_Exact","25952 N LAKE PLEASANT PKWY, PEORIA, AZ, 85382","-112.26963,33.718666","642239079","L"
"225","3833 East 2nd Street, Tucson, AZ, 85716","Match","Exact","3833 E 2ND ST, TUCSON, AZ, 85716","-110.91138,32.234356","652597172","L"
"346","18052 North Black Canyon Highway, Phoenix, AZ, 85053","Match","Exact","18052 N BLACK CANYON HWY, PHOENIX, AZ, 85053","-112.115265,33.649914","647554303","L"
"467","1801 East Fir Street, Cottonwood, AZ, 86326","Match","Exact","1801 E FIR ST, COTTONWOOD, AZ, 86326","-112.011284,34.717724","649137545","R"
"588","8433 North Black Canyon Highway, Phoenix, AZ, 85021","Match","Exact","8433 N BLACK CANYON HWY, PHOENIX, AZ, 85021","-112.113754,33.559406","128202981","R"
"105","2002 West Southern Avenue, Phoenix, AZ, 85041","Match","Exact","2002 W SOUTHERN AVE, PHOENIX, AZ, 85041","-112.10102,33.39229","128919392","R"
"226","5599 Arizona 95, Fort Mohave, AZ, 86426","No_Match"
"347","18052 North Black Canyon Highway, Phoenix, AZ, 85053","Match","Exact","18052 N BLACK CANYON HWY, PHOENIX, AZ, 85053","-112.115265,33.649914","647554303","L"
"468","42798 South 99th Avenue, Maricopa, AZ, 85139","No_Match"
"589","33625 North North Valley Parkway, Phoenix, AZ, 85085","No_Match"
"106","7975 North Hayden Road, Scottsdale, AZ, 85258","Match","Exact","7975 N HAYDEN RD, SCOTTSDALE, AZ, 85258","-111.89867,33.553722","612232944","R"
"227","1240 South Recycler Road, Cornville, AZ, 86325","Match","Non_Exact","1240 RECYCLER RD, CORNVILLE, AZ, 86325","-111.8875,34.71652","159516757","L"
"348","18052 North Black Canyon Highway, Phoenix, AZ, 85053","Match","Exact","18052 N BLACK CANYON HWY, PHOENIX, AZ, 85053","-112.115265,33.649914","647554303","L"
"469","P.O. Box 185, Tuba City, AZ, 86045","No_Match"
"107","7496 East Tierra Buena Lane, Scottsdale, AZ, 85260","Match","Exact","7496 E TIERRA BUENA LN, SCOTTSDALE, AZ, 85260","-111.918755,33.629368","653305570","L"
"228","798 Prickly Pear Drive, Globe, AZ, 85501","Match","Non_Exact","798 E PRICKLY PEAR DR, GLOBE, AZ, 85501","-110.76855,33.392883","159382200","L"
"349","18052 North Black Canyon Highway, Phoenix, AZ, 85053","Match","Exact","18052 N BLACK CANYON HWY, PHOENIX, AZ, 85053","-112.115265,33.649914","647554303","L"
"108","7975 North Hayden Road, Scottsdale, AZ, 85258","Match","Exact","7975 N HAYDEN RD, SCOTTSDALE, AZ, 85258","-111.89867,33.553722","612232944","R"
"229","HC 63 Box G, Winslow, AZ, 86047","No_Match"
"109","7975 North Hayden Road, Scottsdale, AZ, 85258","Match","Exact","7975 N HAYDEN RD, SCOTTSDALE, AZ, 85258","-111.89867,33.553722","612232944","R"
"590","7444 East Broadway Boulevard, Tucson, AZ, 85710","Match","Exact","7444 E BROADWAY BLVD, TUCSON, AZ, 85710","-110.83357,32.220985","121182713","R"
"470","625 Marina Boulevard, Bullhead City, AZ, 86442","No_Match"
"591","1414 South 51st Avenue, Phoenix, AZ, 85043","Match","Exact","1414 S 51ST AVE, PHOENIX, AZ, 85043","-112.16926,33.43539","128918230","R"
"350","18052 North Black Canyon Highway, Phoenix, AZ, 85053","Match","Exact","18052 N BLACK CANYON HWY, PHOENIX, AZ, 85053","-112.115265,33.649914","647554303","L"
"471","625 Marina Boulevard, Bullhead City, AZ, 86442","No_Match"
"592","P.O. Box 560 Highway 191, Rock Point, AZ, 86545","No_Match"
"230","852 West 250 North, Pima, AZ, 85543","Match","Exact","852 W 250 N, PIMA, AZ, 85543","-109.844864,32.90114","651625061","R"
"351","1290 West Vah Ki Inn Road, Coolidge, AZ, 85128","Match","Exact","1290 W VAH KI INN RD, COOLIDGE, AZ, 85128","-111.55719,32.987694","129179608","L"
"472","8450 Olive Avenue, Mohave Valley, AZ, 86440","No_Match"
"593","P.O. BOX 299, KYKOTSMOVI, AZ, 86039","No_Match"
"110","7975 North Hayden Road, Scottsdale, AZ, 85258","Match","Exact","7975 N HAYDEN RD, SCOTTSDALE, AZ, 85258","-111.89867,33.553722","612232944","R"
"231","P.O. Box 80068, Cibecue, AZ, 85911","No_Match"
"352","18052 North Black Canyon Highway, Phoenix, AZ, 85053","Match","Exact","18052 N BLACK CANYON HWY, PHOENIX, AZ, 85053","-112.115265,33.649914","647554303","L"
"473","5151 South Avenue 39 East, Roll, AZ, 85347","Match","Exact","5151 S AVE 39 E, ROLL, AZ, 85347","-113.97068,32.75118","129637829","L"
"594","6000 South 7th Street, Phoenix, AZ, 85042","Match","Exact","6000 S 7TH ST, PHOENIX, AZ, 85042","-112.06468,33.391563","128215562","R"
"111","7975 North Hayden Road, Scottsdale, AZ, 85258","Match","Exact","7975 N HAYDEN RD, SCOTTSDALE, AZ, 85258","-111.89867,33.553722","612232944","R"
"232","7081 North Central Highway, McNeal, AZ, 85617","Match","Non_Exact","7081 N CENTRAL HWY, MC NEAL, AZ, 85617","-109.69833,31.47015","120975013","R"
"353","18052 North Black Canyon Highway, Phoenix, AZ, 85053","Match","Exact","18052 N BLACK CANYON HWY, PHOENIX, AZ, 85053","-112.115265,33.649914","647554303","L"
"474","6050 North Invergordon Road, Paradise Valley, AZ, 85253","Match","Exact","6050 N INVERGORDON RD, PARADISE VALLEY, AZ, 85253","-111.943146,33.52462","128586810","L"
"595","18052 North Black Canyon Highway, Phoenix, AZ, 85053","Match","Exact","18052 N BLACK CANYON HWY, PHOENIX, AZ, 85053","-112.115265,33.649914","647554303","L"
"112","7975 North Hayden Road, Scottsdale, AZ, 85258","Match","Exact","7975 N HAYDEN RD, SCOTTSDALE, AZ, 85258","-111.89867,33.553722","612232944","R"
"233","1132 East 12th Street, Douglas, AZ, 85607","Match","Exact","1132 E 12TH ST, DOUGLAS, AZ, 85607","-109.54497,31.346533","120910464","R"
"354","18052 North Black Canyon Highway, Phoenix, AZ, 85053","Match","Exact","18052 N BLACK CANYON HWY, PHOENIX, AZ, 85053","-112.115265,33.649914","647554303","L"
"475","9201 North 7th Avenue, Phoenix, AZ, 85021","Match","Exact","9201 N 7TH AVE, PHOENIX, AZ, 85021","-112.082504,33.569965","128585355","R"
"596","HC61 Hwy-59 P.O. Box 5050-PTT RRTP, Chinle, AZ, 86503","No_Match"
"113","13613 North Cave Creek Road, Phoenix, AZ, 85022","Match","Exact","13613 N CAVE CREEK RD, PHOENIX, AZ, 85022","-112.036026,33.610214","128914938","R"
"234","108 Stadium Street, Duncan, AZ, 85534","No_Match"
"355","18052 North Black Canyon Highway, Phoenix, AZ, 85053","Match","Exact","18052 N BLACK CANYON HWY, PHOENIX, AZ, 85053","-112.115265,33.649914","647554303","L"
"476","2834 East Southern Avenue, Mesa, AZ, 85204","Match","Exact","2834 E SOUTHERN AVE, MESA, AZ, 85204","-111.77065,33.393642","128248893","L"
"597","940 East Maricopa Drive, Springerville, AZ, 85938","Match","Exact","940 E MARICOPA DR, SPRINGERVILLE, AZ, 85938","-109.273895,34.12552","172111078","R"
"114","5740 East River Road, Tucson, AZ, 85750","Match","Exact","5740 E RIVER RD, TUCSON, AZ, 85750","-110.87138,32.273518","606842422","R"
"235","15802 North Parkview Place, Surprise, AZ, 85374","Match","Exact","15802 N PARKVIEW PL, SURPRISE, AZ, 85374","-112.38115,33.636204","649233055","L"
"356","1290b West Vah Ki Inn Road, Coolidge, AZ, 85128","Match","Exact","1290 W VAH KI INN RD, COOLIDGE, AZ, 85128","-111.557205,32.987694","129179608","L"
"477","2415 North Terrace Circle, Mesa, AZ, 85203","Match","Exact","2415 N TERRACE CIR, MESA, AZ, 85203","-111.802025,33.459225","128244080","R"
"598","13615 North 35th Avenue, Phoenix, AZ, 85029","Match","Exact","13615 N 35TH AVE, PHOENIX, AZ, 85029","-112.13381,33.608627","128178040","R"
"115","11440 North 136th Street, Scottsdale, AZ, 85259","Match","Exact","11440 N 136TH ST, SCOTTSDALE, AZ, 85259","-111.78738,33.58886","128958327","L"
"236","Glendale, AZ Glendale is a city in Maricopa county, Arizona, Glendale, AZ, NA","No_Match"
"357","1843 West 16th Avenue, Apache Junction, AZ, 85120","No_Match"
"478","1301 East Fort Lowell Road, Tucson, AZ, 85719","Match","Exact","1301 E FORT LOWELL RD, TUCSON, AZ, 85719","-110.95215,32.264793","121168293","L"
"599","92 Skill Center Road, Sacaton, AZ, 85147","No_Match"
"116","7975 North Hayden Road, Scottsdale, AZ, 85258","Match","Exact","7975 N HAYDEN RD, SCOTTSDALE, AZ, 85258","-111.89867,33.553722","612232944","R"
"237","2435 East Pecan Road, Phoenix, AZ, 85040","Match","Exact","2435 E PECAN RD, PHOENIX, AZ, 85040","-112.02897,33.39555","128216298","R"
"358","18052 North Black Canyon Highway, Phoenix, AZ, 85053","Match","Exact","18052 N BLACK CANYON HWY, PHOENIX, AZ, 85053","-112.115265,33.649914","647554303","L"
"479","Stadium Drive, Morenci, AZ, 85540","No_Match"
"117","7975 North Hayden Road, Scottsdale, AZ, 85258","Match","Exact","7975 N HAYDEN RD, SCOTTSDALE, AZ, 85258","-111.89867,33.553722","612232944","R"
"238","3950 North 53rd Avenue, Phoenix, AZ, 85031","Match","Exact","3950 N 53RD AVE, PHOENIX, AZ, 85031","-112.17328,33.493416","128198129","L"
"359","1843 West 16th Avenue, Apache Junction, AZ, 85120","No_Match"
"118","1901 Prescott Lakes Parkway, Prescott, AZ, 86301","Match","Exact","1901 PRESCOTT LAKES PKWY, PRESCOTT, AZ, 86301","-112.43372,34.58746","159540813","L"
"239","1619 East Main Street, Mesa, AZ, 85203","Match","Exact","1619 E MAIN ST, MESA, AZ, 85203","-111.7964,33.41528","633220245","R"
"119","7975 North Hayden Road, Scottsdale, AZ, 85258","Match","Exact","7975 N HAYDEN RD, SCOTTSDALE, AZ, 85258","-111.89867,33.553722","612232944","R"
"10","5245 North Camino De Oeste, Tucson, AZ, 85745","No_Match"
"11","4105 East Shea Boulevard, Phoenix, AZ, 85028","Match","Exact","4105 E SHEA BLVD, PHOENIX, AZ, 85028","-111.99313,33.58274","653305889","R"
"12","7624 West Indian School Road, Phoenix, AZ, 85033","Match","Exact","7624 W INDIAN SCHOOL RD, PHOENIX, AZ, 85033","-112.22363,33.494625","640591133","R"
"13","8556 East Loos Drive, Prescott Valley, AZ, 86314","Match","Exact","8556 E LOOS DR, PRESCOTT VALLEY, AZ, 86314","-112.31583,34.60427","612781540","L"
"14","1481 North Eliseo Felix Junior Way, Avondale, AZ, 85323","Match","Non_Exact","1481 ELISEO FELIX JR WAY, AVONDALE, AZ, 85323","-112.33677,33.440495","625174677","R"
"15","50023 North 514th Avenue, Aguila, AZ, 85320","No_Match"
"16","Phoenix, AZ Phoenix is a city in Maricopa county, Arizona, PHOENIX, AZ, NA","No_Match"
"17","Phoenix, AZ Phoenix is a city in Maricopa county, Arizona, PHOENIX, AZ, NA","No_Match"
"18","111 North Well Road, Ajo, AZ, 85321","Match","Exact","111 N WELL RD, AJO, AZ, 85321","-112.85882,32.373035","639455029","L"
"19","3652 Blackwater School Road, Coolidge, AZ, 85128","No_Match"
"480","2675 West Baseline Road, Phoenix, AZ, 85041","Match","Exact","2675 W BASELINE RD, PHOENIX, AZ, 85041","-112.1149,33.37772","640591137","L"
"360","849 North 3rd Avenue, Phoenix, AZ, 85003","Match","Exact","849 N 3RD AVE, PHOENIX, AZ, 85003","-112.07768,33.457268","128211914","R"
"481","25950 West Rockaway Hills Road, Morristown, AZ, 85342","No_Match"
"240","2450 West South Mountain Avenue, Phoenix, AZ, 85041","Match","Non_Exact","2450 W SOUTH MOUNTAIN RD, PHOENIX, AZ, 85041","-112.11246,33.370476","614553329","R"
"361","2327 East Precious Shard Court, Oro Valley, AZ, 85755","Match","Exact","2327 E PRECIOUS SHARD CT, ORO VALLEY, AZ, 85755","-110.93848,32.447975","121391427","L"
"482","3003 Centerpointe East Drive, Prescott, AZ, 86301","Match","Exact","3003 CENTERPOINTE EAST DR, PRESCOTT, AZ, 86301","-112.41052,34.630733","633622511","L"
"120","7975 North Hayden Road, Scottsdale, AZ, 85258","Match","Exact","7975 N HAYDEN RD, SCOTTSDALE, AZ, 85258","-111.89867,33.553722","612232944","R"
"241","18052 North Black Canyon Highway, Phoenix, AZ, 85053","Match","Exact","18052 N BLACK CANYON HWY, PHOENIX, AZ, 85053","-112.115265,33.649914","647554303","L"
"362","1300 South Belvedere Avenue, Tucson, AZ, 85711","Match","Exact","1300 S BELVEDERE AVE, TUCSON, AZ, 85711","-110.89661,32.206116","121180125","R"
"483","1455 Willow Creek Road, Prescott, AZ, 86301","Match","Exact","1455 WILLOW CREEK RD, PRESCOTT, AZ, 86301","-112.482315,34.56848","616282341","R"
"121","7975 North Hayden Road, Scottsdale, AZ, 85258","Match","Exact","7975 N HAYDEN RD, SCOTTSDALE, AZ, 85258","-111.89867,33.553722","612232944","R"
"242","1858 East Brown Road, Mesa, AZ, 85203","Match","Exact","1858 E BROWN RD, MESA, AZ, 85203","-111.79086,33.437164","128244757","L"
"363","7425 East Culver Street, Scottsdale, AZ, 85257","No_Match"
"484","3686 West Orange Grove Road, Tucson, AZ, 85741","Match","Exact","3686 W ORANGE GROVE RD, TUCSON, AZ, 85741","-111.04339,32.323296","121408564","L"
"122","11440 North 136th Street, Scottsdale, AZ, 85259","Match","Exact","11440 N 136TH ST, SCOTTSDALE, AZ, 85259","-111.78738,33.58886","128958327","L"
"243","1601 West Main Street, Mesa, AZ, 85202","No_Match"
"364","Phoenix, AZ Phoenix is a city in Maricopa county, Arizona, Phoenix, AZ, NA","No_Match"
"485","311 West Cattle Drive Trail, Flagstaff, AZ, 86001","Match","Non_Exact","311 W CATTLE DRIVE TRL, FLAGSTAFF, AZ, 86005","-111.66955,35.162777","189069100","R"
"123","204 West Chandler Heights Road, Chandler, AZ, 85248","Match","Exact","204 W CHANDLER HEIGHTS RD, CHANDLER, AZ, 85248","-111.844826,33.233","625685639","L"
"244","8495 East Broadway Boulevard, Tucson, AZ, 85710","Match","Exact","8495 E BROADWAY BLVD, TUCSON, AZ, 85710","-110.810776,32.220963","121183561","L"
"365","5201 North 7th Street, Phoenix, AZ, 85014","Match","Exact","5201 N 7TH ST, PHOENIX, AZ, 85014","-112.065,33.512928","128208356","R"
"486","2615 West Buckeye Road, Phoenix, AZ, 85009","Match","Exact","2615 W BUCKEYE RD, PHOENIX, AZ, 85009","-112.11542,33.436787","128210859","L"
"124","7975 North Hayden Road, Scottsdale, AZ, 85258","Match","Exact","7975 N HAYDEN RD, SCOTTSDALE, AZ, 85258","-111.89867,33.553722","612232944","R"
"245","3025 North Winstel Boulevard, Tucson, AZ, 85716","Match","Exact","3025 N WINSTEL BLVD, TUCSON, AZ, 85716","-110.91202,32.261986","121168849","L"
"366","3348 West McDowell Road, Phoenix, AZ, 85009","Match","Exact","3348 W MCDOWELL RD, PHOENIX, AZ, 85009","-112.13062,33.46595","128580016","R"
"487","P.O. Box 10010, Tonalea, AZ, 86044","No_Match"
"125","4810 E BEAVER CREEK RD, RIMROCK, AZ, 86335","Match","Non_Exact","4810 E BEAVER CREEK RD, RIMROCK, AZ, 86335","-111.76585,34.65206","627408724","R"
"246","2555 East 1st Street, Tucson, AZ, 85716","Match","Exact","2555 E 1ST ST, TUCSON, AZ, 85716","-110.934525,32.23494","121174076","L"
"367","301 E COMBS RD, QUEEN CREEK, AZ, 85140","Tie"
"488","1911 West Valenzuela, Naco, AZ, 85620","Match","Non_Exact","1911 W VALENZUELA ST, NACO, AZ, 85620","-109.94607,31.336813","120984045","L"
"126","18052 North Black Canyon Highway, Phoenix, AZ, 85053","Match","Exact","18052 N BLACK CANYON HWY, PHOENIX, AZ, 85053","-112.115265,33.649914","647554303","L"
"247","8340 West Northern Avenue, Glendale, AZ, 85305","Match","Exact","8340 W NORTHERN AVE, GLENDALE, AZ, 85305","-112.238884,33.551964","640591106","R"
"368","5815 South McClintock Drive, Tempe, AZ, 85283","Match","Exact","5815 S MCCLINTOCK DR, TEMPE, AZ, 85283","-111.91127,33.370228","128923963","L"
"489","32919 North Center Street, Wittmann, AZ, 85361","Match","Exact","32919 N CENTER ST, WITTMANN, AZ, 85361","-112.526146,33.7812","128136555","R"
"127","4120 East Acoma Drive, Phoenix, AZ, 85032","Match","Exact","4120 E ACOMA DR, PHOENIX, AZ, 85032","-111.99355,33.619106","128186283","L"
"248","Phoenix, AZ Phoenix is a city in Maricopa county, Arizona, Phoenix, AZ, NA","No_Match"
"369","3830 North 67th Avenue, Phoenix, AZ, 85033","Match","Exact","3830 N 67TH AVE, PHOENIX, AZ, 85033","-112.20324,33.492214","128194747","L"
"128","Gilbert, AZ Gilbert is a city in Maricopa county, Arizona, Gilbert, AZ, NA","No_Match"
"249","Mesa, AZ Mesa is a city in Maricopa county, Arizona, Mesa, AZ, NA","No_Match"
"129","360 South Patagonia Street, Benson, AZ, 85602","Match","Exact","360 S PATAGONIA ST, BENSON, AZ, 85602","-110.29817,31.965809","120967271","L"
"20","3652 Blackwater School Road, Coolidge, AZ, 85128","No_Match"
"21","4510 North 37th Avenue, Phoenix, AZ, 85019","No_Match"
"22","5827 North 35th Avenue, Phoenix, AZ, 85017","Match","Exact","5827 N 35TH AVE, PHOENIX, AZ, 85017","-112.13425,33.52293","652596111","R"
"23","Tempe, AZ Tempe is a city in Maricopa county, Arizona, Tempe, AZ, NA","No_Match"
"24","6211 East Speedway Blvd, Tucson, AZ, 85712","Match","Exact","6211 E SPEEDWAY BLVD, TUCSON, AZ, 85712","-110.85986,32.236088","652596989","L"
"25","County Rd 2052 #11, Alpine, AZ, 85920","No_Match"
"26","10105 South Sasabe Road, Tucson, AZ, 85736","Match","Exact","10105 S SASABE RD, TUCSON, AZ, 85736","-111.31453,32.07176","121151275","L"
"27","3820 East Ray Road, Phoenix, AZ, 85044","Match","Exact","3820 E RAY RD, PHOENIX, AZ, 85044","-112.002304,33.316597","611855118","L"
"28","827 East 6th Avenue, Mesa, AZ, 85204","Match","Exact","827 E 6TH AVE, MESA, AZ, 85204","-111.813354,33.404186","128245666","R"
"29","7878 North 16th Street, Phoenix, AZ, 85020","Match","Exact","7878 N 16TH ST, PHOENIX, AZ, 85020","-112.04788,33.551956","243920886","L"
"490","Holbrook, AZ Holbrook is a city in Navajo county, Arizona, Holbrook, AZ, NA","No_Match"
"370","P.O. Box 1073, Pinon, AZ, 86510","No_Match"
"491","100 Code Talkers Drive, Holbrook, AZ, 86025","No_Match"
"250","Mesa, AZ Mesa is a city in Maricopa county, Arizona, Mesa, AZ, NA","No_Match"
"371","P.O. Box 130, Whiteriver, AZ, 85941","No_Match"
"492","HC 58 Box 50, Ganado, AZ, 86505","No_Match"
"130","67488 Salome Road, Salome, AZ, 85348","Match","Exact","67488 SALOME RD, SALOME, AZ, 85348","-113.60067,33.774548","642176891","L"
"251","Mesa, AZ Mesa is a city in Maricopa county, Arizona, Mesa, AZ, NA","No_Match"
"372","8176 Westover Street, Joseph City, AZ, 86032","Match","Non_Exact","8176 WESTOVER AVE, JOSEPH CITY, AZ, 86032","-110.331345,34.957592","172443314","L"
"493","Mesa, AZ Mesa is a city in Maricopa county, Arizona, Mesa, AZ, NA","No_Match"
"131","100 Old Douglas Road, Bisbee, AZ, 85603","Match","Exact","100 DOUGLAS RD, BISBEE, AZ, 85603","-109.884415,31.428171","120984429","R"
"252","Mesa, AZ Mesa is a city in Maricopa county, Arizona, Mesa, AZ, NA","No_Match"
"373","3777 West 16th Street, Yuma, AZ, 85364","No_Match"
"494","446 East Broadway Road, Mesa, AZ, 85204","Match","Exact","446 E BROADWAY RD, MESA, AZ, 85204","-111.82163,33.407776","128245279","L"
"132","P.O. Box 97, Pinon, AZ, 86510","No_Match"
"253","Mesa, AZ Mesa is a city in Maricopa county, Arizona, Mesa, AZ, NA","No_Match"
"374","P.O. Box 1420, Kaibeto, AZ, 86053","No_Match"
"495","1216 East Apache Boulevard, Tempe, AZ, 85281","Match","Exact","1216 E APACHE BLVD, TEMPE, AZ, 85281","-111.91983,33.414783","128231844","L"
"133","3652 Blackwater School Road, Coolidge, AZ, 85128","No_Match"
"254","Mesa, AZ Mesa is a city in Maricopa county, Arizona, Mesa, AZ, NA","No_Match"
"375","7878 North 16th Street, Phoenix, AZ, 85020","Match","Exact","7878 N 16TH ST, PHOENIX, AZ, 85020","-112.04788,33.551956","243920886","L"
"496","1216 East Apache Boulevard, Tempe, AZ, 85281","Match","Exact","1216 E APACHE BLVD, TEMPE, AZ, 85281","-111.91983,33.414783","128231844","L"
"134","6000 East 14th Street, Tucson, AZ, 85711","Match","Exact","6000 E 14TH ST, TUCSON, AZ, 85711","-110.86413,32.21694","121180920","R"
"255","Mesa, AZ Mesa is a city in Maricopa county, Arizona, Mesa, AZ, NA","No_Match"
"376","850 North Morley Avenue, Nogales, AZ, 85621","Match","Exact","850 N MORLEY AVE, NOGALES, AZ, 85621","-110.927895,31.34813","120861684","R"
"497","5818 North 7th Street, Phoenix, AZ, 85014","Match","Exact","5818 N 7TH ST, PHOENIX, AZ, 85014","-112.064995,33.52219","128208254","L"
"135","80 Turkey Creek Rd, Blue, AZ, 85922","No_Match"
"256","Show Low, AZ Show Low is a city in Navajo county, Arizona, Show Low, AZ, NA","No_Match"
"377","7878 North 16th Street, Phoenix, AZ, 85020","Match","Exact","7878 N 16TH ST, PHOENIX, AZ, 85020","-112.04788,33.551956","243920886","L"
"498","Mesa, AZ Mesa is a city in Maricopa county, Arizona, Mesa, AZ, NA","No_Match"
"136","1200 W WHITE MOUNTAIN BLVD, LAKESIDE, AZ, 85929","Match","Non_Exact","1200 W WHITE MOUNTAIN BLVD, LAKESIDE, AZ, 85929","-109.96464,34.14764","172452433","L"
"257","1950 East Placita Sin Nombre, Tucson, AZ, 85718","No_Match"
"378","7878 North 16th Street, Phoenix, AZ, 85020","Match","Exact","7878 N 16TH ST, PHOENIX, AZ, 85020","-112.04788,33.551956","243920886","L"
"499","Mesa, AZ Mesa is a city in Maricopa county, Arizona, Mesa, AZ, NA","No_Match"
"137","5651 West Talavi Boulevard, Glendale, AZ, 85306","Match","Exact","5651 W TALAVI BLVD, GLENDALE, AZ, 85306","-112.18052,33.63673","128382817","R"
"258","6710 West Calle Lejos, Peoria, AZ, 85383","Match","Non_Exact","6710 W CLL LEJOS, PEORIA, AZ, 85383","-112.2038,33.703583","647731947","R"
"379","7878 North 16th Street, Phoenix, AZ, 85020","Match","Exact","7878 N 16TH ST, PHOENIX, AZ, 85020","-112.04788,33.551956","243920886","L"
"138","18008 S FORT GRANT RD, WILLCOX, AZ, 85643","No_Match"
"259","2632 West Augusta Avenue, Phoenix, AZ, 85051","Match","Exact","2632 W AUGUSTA AVE, PHOENIX, AZ, 85051","-112.11557,33.551144","128202847","R"
"139","44936 Joshua Drive, Bouse, AZ, 85325","No_Match"
"30","7878 North 16th Street, Phoenix, AZ, 85020","Match","Exact","7878 N 16TH ST, PHOENIX, AZ, 85020","-112.04788,33.551956","243920886","L"
"31","7878 North 16th Street, Phoenix, AZ, 85020","Match","Exact","7878 N 16TH ST, PHOENIX, AZ, 85020","-112.04788,33.551956","243920886","L"
"32","7878 North 16th Street, Phoenix, AZ, 85020","Match","Exact","7878 N 16TH ST, PHOENIX, AZ, 85020","-112.04788,33.551956","243920886","L"
"33","7878 North 16th Street, Phoenix, AZ, 85020","Match","Exact","7878 N 16TH ST, PHOENIX, AZ, 85020","-112.04788,33.551956","243920886","L"
"34","7878 North 16th Street, Phoenix, AZ, 85020","Match","Exact","7878 N 16TH ST, PHOENIX, AZ, 85020","-112.04788,33.551956","243920886","L"
"35","7878 North 16th Street, Phoenix, AZ, 85020","Match","Exact","7878 N 16TH ST, PHOENIX, AZ, 85020","-112.04788,33.551956","243920886","L"
"36","7878 North 16th Street, Phoenix, AZ, 85020","Match","Exact","7878 N 16TH ST, PHOENIX, AZ, 85020","-112.04788,33.551956","243920886","L"
"37","7878 North 16th Street, Phoenix, AZ, 85020","Match","Exact","7878 N 16TH ST, PHOENIX, AZ, 85020","-112.04788,33.551956","243920886","L"
"38","7878 North 16th Street, Phoenix, AZ, 85020","Match","Exact","7878 N 16TH ST, PHOENIX, AZ, 85020","-112.04788,33.551956","243920886","L"
"39","2030 East Cherry Street, Cottonwood, AZ, 86326","Match","Exact","2030 E CHERRY ST, COTTONWOOD, AZ, 86326","-112.00526,34.73189","632597039","L"
"380","3155 Maricopa Avenue, Lake Havasu City, AZ, 86406","Match","Exact","3155 MARICOPA AVE, LAKE HAVASU CITY, AZ, 86406","-114.28571,34.456985","649953828","R"
"260","4567 West Roberts Road, Queen Creek, AZ, 85142","Match","Exact","4567 W ROBERTS RD, QUEEN CREEK, AZ, 85142","-111.61516,33.17611","129274349","L"
"381","7878 North 16th Street, Phoenix, AZ, 85020","Match","Exact","7878 N 16TH ST, PHOENIX, AZ, 85020","-112.04788,33.551956","243920886","L"
"140","315 5th Street, Bowie, AZ, 85605","Match","Exact","315 5TH ST, BOWIE, AZ, 85605","-109.48985,32.32577","120932307","L"
"261","25 East Drachman Street, Tucson, AZ, 85705","Match","Exact","25 E DRACHMAN ST, TUCSON, AZ, 85705","-110.97138,32.2395","121170133","L"
"382","7878 North 16th Street, Phoenix, AZ, 85020","Match","Exact","7878 N 16TH ST, PHOENIX, AZ, 85020","-112.04788,33.551956","243920886","L"
"141","221 West 6th Avenue, Mesa, AZ, 85210","Match","Exact","221 W 6TH AVE, MESA, AZ, 85210","-111.836006,33.404106","128235279","L"
"262","4070 West Jefferson Road, Elfrida, AZ, 85610","Match","Exact","4070 W JEFFERSON RD, ELFRIDA, AZ, 85610","-109.68085,31.685415","645906885","R"
"383","1376 East Cottonwood Lane, Casa Grande, AZ, 85122","No_Match"
"142","400 North Andersen Boulevard, Chandler, AZ, 85224","Match","Exact","400 N ANDERSEN BLVD, CHANDLER, AZ, 85224","-111.874374,33.31232","128785752","R"
"263","1011 North Sunshine Boulevard, Eloy, AZ, 85131","Match","Non_Exact","1011 S SUNSHINE BLVD, ELOY, AZ, 85131","-111.55036,32.73233","637402041","R"
"384","7820 East Wrightstown Road, Tucson, AZ, 85715","Match","Exact","7820 E WRIGHTSTOWN RD, TUCSON, AZ, 85715","-110.82556,32.250675","121182292","R"
"143","25555 West Durango Street, Buckeye, AZ, 85326","No_Match"
"264","Peoria, AZ Peoria is a city in Maricopa county, Arizona, Peoria, AZ, NA","No_Match"
"385","7878 North 16th Street, Phoenix, AZ, 85020","Match","Exact","7878 N 16TH ST, PHOENIX, AZ, 85020","-112.04788,33.551956","243920886","L"
"144","1000 East Narramore Avenue, Buckeye, AZ, 85326","Match","Exact","1000 E NARRAMORE AVE, BUCKEYE, AZ, 85326","-112.5736,33.37403","128124175","R"
"265","2411 West Colter Street, Phoenix, AZ, 85015","Match","Exact","2411 W COLTER ST, PHOENIX, AZ, 85015","-112.11043,33.513153","639056186","L"
"386","217 East Olympic Drive, Phoenix, AZ, 85042","Match","Exact","217 E OLYMPIC DR, PHOENIX, AZ, 85042","-112.07116,33.374107","128323902","R"
"145","1004 Hancock Road, Bullhead City, AZ, 86442","Match","Exact","1004 HANCOCK RD, BULLHEAD CITY, AZ, 86442","-114.61273,35.107918","190318442","L"
"266","4848 South 2nd Street, Phoenix, AZ, 85040","Match","Exact","4848 S 2ND ST, PHOENIX, AZ, 85040","-112.07112,33.402214","128215472","R"
"387","7878 North 16th Street, Phoenix, AZ, 85020","Match","Exact","7878 N 16TH ST, PHOENIX, AZ, 85020","-112.04788,33.551956","243920886","L"
"146","4055 East Warner Road, Gilbert, AZ, 85296","No_Match"
"267","4848 South 2nd Street, Phoenix, AZ, 85040","Match","Exact","4848 S 2ND ST, PHOENIX, AZ, 85040","-112.07112,33.402214","128215472","R"
"388","7878 North 16th Street, Phoenix, AZ, 85020","Match","Exact","7878 N 16TH ST, PHOENIX, AZ, 85020","-112.04788,33.551956","243920886","L"
"147","4055 East Warner Road, Gilbert, AZ, 85296","No_Match"
"268","4848 South 2nd Street, Phoenix, AZ, 85040","Match","Exact","4848 S 2ND ST, PHOENIX, AZ, 85040","-112.07112,33.402214","128215472","R"
"389","7878 North 16th Street, Phoenix, AZ, 85020","Match","Exact","7878 N 16TH ST, PHOENIX, AZ, 85020","-112.04788,33.551956","243920886","L"
"148","1120 South Gilbert Road, Gilbert, AZ, 85296","Match","Exact","1120 S GILBERT RD, GILBERT, AZ, 85296","-111.78999,33.329697","647503237","L"
"269","3900 South 55th Avenue, Phoenix, AZ, 85043","No_Match"
"149","4744 West Grovers Avenue, Glendale, AZ, 85308","Match","Exact","4744 W GROVERS AVE, GLENDALE, AZ, 85308","-112.1617,33.647274","128175334","L"
"40","2250 East Germann Road, Chandler, AZ, 85286","Match","Exact","2250 E GERMANN RD, CHANDLER, AZ, 85286","-111.80241,33.278713","646720288","R"
"41","2471 North Arizona Avenue, Chandler, AZ, 85225","Match","Exact","2471 N ARIZONA AVE, CHANDLER, AZ, 85225","-111.841736,33.342503","128268777","R"
"42","701 West Wetmore Road, Tucson, AZ, 85705","Match","Exact","701 W WETMORE RD, TUCSON, AZ, 85705","-110.981224,32.28648","628062159","L"
"43","9168 South Avenue 36 East, Wellton, AZ, 85356","Match","Exact","9168 S AVE 36 E, WELLTON, AZ, 85356","-114.02215,32.689205","129610583","L"
"44","3102 North 56th Street, Phoenix, AZ, 85018","Match","Exact","3102 N 56TH ST, PHOENIX, AZ, 85018","-111.96089,33.48381","128222024","L"
"45","10488 E SKELETON CANYON RD, PORTAL, AZ, 85632","Match","Exact","10488 SKELETON CANYON RD, PORTAL, AZ, 85632","-109.12701,31.690102","120996566","L"
"46","801 West Southern Avenue, Apache Junction, AZ, 85120","Match","Exact","801 W SOUTHERN AVE, APACHE JUNCTION, AZ, 85120","-111.558655,33.393303","129312789","L"
"47","2701 South Campbell Avenue, Tucson, AZ, 85713","Match","Exact","2701 S CAMPBELL AVE, TUCSON, AZ, 85713","-110.94353,32.191708","121175926","L"
"48","3102 North 56th Street, Phoenix, AZ, 85018","Match","Exact","3102 N 56TH ST, PHOENIX, AZ, 85018","-111.96089,33.48381","128222024","L"
"49","1951 North Alma School Road, Chandler, AZ, 85224","Match","Exact","1951 N ALMA SCHOOL RD, CHANDLER, AZ, 85224","-111.85907,33.334232","128242254","R"
"390","7878 North 16th Street, Phoenix, AZ, 85020","Match","Exact","7878 N 16TH ST, PHOENIX, AZ, 85020","-112.04788,33.551956","243920886","L"
"270","Glendale, AZ Glendale is a city in Maricopa county, Arizona, Glendale, AZ, NA","No_Match"
"391","P.O. Box 188, Kayenta, AZ, 86033","No_Match"
"150","9412 East Brown Road, Mesa, AZ, 85207","Match","Exact","9412 E BROWN RD, MESA, AZ, 85207","-111.62814,33.436844","128803520","L"
"271","1045 South San Marcos Drive, Apache Junction, AZ, 85120","Match","Non_Exact","1045 N SAN MARCOS DR, APACHE JUNCTION, AZ, 85120","-111.55477,33.424404","648012990","L"
"392","Kayenta, AZ Kayenta is a city in Navajo county, Arizona, Kayenta, AZ, NA","No_Match"
"151","7634 West Camelback Road, Glendale, AZ, 85303","Match","Exact","7634 W CAMELBACK RD, GLENDALE, AZ, 85303","-112.22254,33.508984","128916941","R"
"272","P.O. Box 750, Polacca, AZ, 86042","No_Match"
"393","P.O. Box 397, Keams Canyon, AZ, 86034","No_Match"
"152","44301 West Maricopa-Casa Grande Highway, Maricopa, AZ, 85138","Match","Exact","44301 W MARICOPA-CASA GRANDE HWY, MARICOPA, AZ, 85138","-112.04387,33.05468","639751011","L"
"273","7900 South Jesse Owens Parkway, Phoenix, AZ, 85042","No_Match"
"394","325 North Washington Avenue, Prescott, AZ, 86301","Match","Exact","325 N WASHINGTON AVE, PRESCOTT, AZ, 86301","-112.46041,34.545837","159456945","R"
"153","410 Camp Lincoln Road, Camp Verde, AZ, 86322","No_Match"
"274","3401 North Fort Valley Road, Flagstaff, AZ, 86001","Match","Exact","3401 N FORT VALLEY RD, FLAGSTAFF, AZ, 86001","-111.66685,35.23663","615017775","L"
"395","1025 East Liberty Lane, Phoenix, AZ, 85048","Match","Exact","1025 E LIBERTY LN, PHOENIX, AZ, 85048","-112.06073,33.296253","649108321","R"
"154","9965 West Calle Lejos, Peoria, AZ, 85383","Match","Non_Exact","9965 W CLL LEJOS, PEORIA, AZ, 85383","-112.274445,33.703503","621166366","L"
"275","306 West Cedar Avenue, Flagstaff, AZ, 86001","Match","Exact","306 W CEDAR AVE, FLAGSTAFF, AZ, 86001","-111.6458,35.213226","188860661","R"
"396","3701 East River Road, Tucson, AZ, 85718","Match","Exact","3701 E RIVER RD, TUCSON, AZ, 85718","-110.91404,32.275856","121168683","L"
"155","34630 School Loop Road, Black Canyon City, AZ, 85324","No_Match"
"276","850 North Locust Drive, Flagstaff, AZ, 86001","Match","Exact","850 N LOCUST DR, FLAGSTAFF, AZ, 86001","-111.63148,35.199997","647752326","R"
"397","2536 North 3rd Street, Phoenix, AZ, 85004","Match","Exact","2536 N 3RD ST, PHOENIX, AZ, 85004","-112.06944,33.47559","128212973","L"
"156","3686 West Orange Grove Road, Tucson, AZ, 85741","Match","Exact","3686 W ORANGE GROVE RD, TUCSON, AZ, 85741","-111.04339,32.323296","121408564","L"
"277","3285 Sparrow Avenue, Flagstaff, AZ, 86004","Match","Exact","3285 SPARROW AVE, FLAGSTAFF, AZ, 86004","-111.60617,35.199013","189049795","L"
"398","P.O. Box 800, Ganado, AZ, 86505","No_Match"
"157","5260 North Royal Palm Drive, Tucson, AZ, 85705","Match","Exact","5260 N ROYAL PALM DR, TUCSON, AZ, 85705","-111.02435,32.302845","606809871","R"
"278","715 West Mariposa Street, Phoenix, AZ, 85013","Match","Exact","715 W MARIPOSA ST, PHOENIX, AZ, 85013","-112.08296,33.508434","128206113","L"
"399","3410 North Burbank Street, Kingman, AZ, 86409","Match","Exact","3410 N BURBANK ST, KINGMAN, AZ, 86409","-114.02916,35.22409","618613504","R"
"158","1300 N Centennial Blvd, Taylor, AZ, 85939","No_Match"
"279","1000 South Main Street, Florence, AZ, 85132","Match","Exact","1000 S MAIN ST, FLORENCE, AZ, 85132","-111.38755,33.02291","129170693","L"
"159","16004 North 36th Drive, Phoenix, AZ, 85053","Match","Exact","16004 N 36TH DR, PHOENIX, AZ, 85053","-112.1369,33.63081","128321798","R"
"50","3102 North 56th Street, Phoenix, AZ, 85018","Match","Exact","3102 N 56TH ST, PHOENIX, AZ, 85018","-111.96089,33.48381","128222024","L"
"51","3102 North 56th Street, Phoenix, AZ, 85018","Match","Exact","3102 N 56TH ST, PHOENIX, AZ, 85018","-111.96089,33.48381","128222024","L"
"52","3102 North 56th Street, Phoenix, AZ, 85018","Match","Exact","3102 N 56TH ST, PHOENIX, AZ, 85018","-111.96089,33.48381","128222024","L"
"53","3102 North 56th Street, Phoenix, AZ, 85018","Match","Exact","3102 N 56TH ST, PHOENIX, AZ, 85018","-111.96089,33.48381","128222024","L"
"54","16648 North 94th Street, Scottsdale, AZ, 85260","No_Match"
"55","3102 North 56th Street, Phoenix, AZ, 85018","Match","Exact","3102 N 56TH ST, PHOENIX, AZ, 85018","-111.96089,33.48381","128222024","L"
"56","3102 North 56th Street, Phoenix, AZ, 85018","Match","Exact","3102 N 56TH ST, PHOENIX, AZ, 85018","-111.96089,33.48381","128222024","L"
"57","3102 North 56th Street, Phoenix, AZ, 85018","Match","Exact","3102 N 56TH ST, PHOENIX, AZ, 85018","-111.96089,33.48381","128222024","L"
"58","3102 North 56th Street, Phoenix, AZ, 85018","Match","Exact","3102 N 56TH ST, PHOENIX, AZ, 85018","-111.96089,33.48381","128222024","L"
"59","2920 North 7th Street, Phoenix, AZ, 85012","No_Match"
"280","1556 West Prince Road, Tucson, AZ, 85705","Match","Exact","1556 W PRINCE RD, TUCSON, AZ, 85705","-110.99952,32.27223","648126668","R"
"160","899 East Plaza Circle, Yuma, AZ, 85365","No_Match"
"281","7191 Ashler Hills Drive, Scottsdale, AZ, 85266","Match","Exact","7191 ASHLER HILLS DR, SCOTTSDALE, AZ, 85266","-111.92601,33.777515","637416569","L"
"161","5220 West Indian School Road, Phoenix, AZ, 85031","Match","Exact","5220 W INDIAN SCHOOL RD, PHOENIX, AZ, 85031","-112.17161,33.495003","128917717","R"
"282","21110 Hines Rd, FORT HUACHUCA, AZ, 85613","No_Match"
"162","1500 West Maryland Avenue, Phoenix, AZ, 85015","Match","Exact","1500 W MARYLAND AVE, PHOENIX, AZ, 85015","-112.091255,33.531258","128205388","R"
"283","15560 W Elementary School Road, Fort Thomas, AZ, 85536","No_Match"
"163","P.O. Box 10940, Bapchule, AZ, 85121","No_Match"
"284","16811 East El Pueblo Boulevard, Fountain Hills, AZ, 85268","Match","Exact","16811 E EL PUEBLO BLVD, FOUNTAIN HILLS, AZ, 85268","-111.71823,33.622932","642859103","R"
"164","220 West Kortsen Road, Casa Grande, AZ, 85122","No_Match"
"285","16000 East Palisades Boulevard, Fountain Hills, AZ, 85268","Match","Exact","16000 E PALISADES BLVD, FOUNTAIN HILLS, AZ, 85268","-111.73654,33.61379","244031400","L"
"165","2730 North Trekell Road, Casa Grande, AZ, 85122","Match","Exact","2730 N TREKELL RD, CASA GRANDE, AZ, 85122","-111.73949,32.932934","129320623","R"
"286","1617 South 67th Avenue, Phoenix, AZ, 85043","Match","Exact","1617 S 67TH AVE, PHOENIX, AZ, 85043","-112.2038,33.433014","640591696","L"
"166","2730 North Trekell Road, Casa Grande, AZ, 85122","Match","Exact","2730 N TREKELL RD, CASA GRANDE, AZ, 85122","-111.73949,32.932934","129320623","R"
"287","6116 Arizona 69, Prescott Valley, AZ, 86314","No_Match"
"167","2101 East River Road, Tucson, AZ, 85718","Match","Exact","2101 E RIVER RD, TUCSON, AZ, 85718","-110.93973,32.286884","647311496","L"
"288","9317 North 2nd Street, Phoenix, AZ, 85020","Match","Exact","9317 N 2ND ST, PHOENIX, AZ, 85020","-112.07167,33.57083","639302245","R"
"168","33016 North 60th Street, Scottsdale, AZ, 85266","Match","Exact","33016 N 60TH ST, SCOTTSDALE, AZ, 85266","-111.952,33.78492","128590935","R"
"289","Fredonia, AZ Fredonia is a city in Coconino county, Arizona, Fredonia, AZ, NA","No_Match"
"169","Mile Post 408 Hwy 264, Keams Canyon, AZ, 86034","No_Match"
"60","1440 South Longmore, Mesa, AZ, 85202","Match","Exact","1440 S LONGMORE, MESA, AZ, 85202","-111.86381,33.388557","128793596","R"
"61","3775 East Union Hills Drive, Phoenix, AZ, 85050","No_Match"
"62","2002 East Baseline Road, Phoenix, AZ, 85042","Match","Exact","2002 E BASELINE RD, PHOENIX, AZ, 85042","-112.03807,33.377884","616481481","R"
"63","2165 North Power Road, Mesa, AZ, 85215","Match","Exact","2165 N POWER RD, MESA, AZ, 85215","-111.68409,33.454292","647665842","L"
"64","315 East Mulberry Drive, Phoenix, AZ, 85012","Match","Exact","315 E MULBERRY DR, PHOENIX, AZ, 85012","-112.06911,33.48655","128208852","R"
"65","7500 Civic Drive, Prescott Valley, AZ, 86314","No_Match"
"66","4433 North 7th Street, Phoenix, AZ, 85014","Match","Exact","4433 N 7TH ST, PHOENIX, AZ, 85014","-112.065025,33.50139","128919042","R"
"67","Phoenix, AZ Phoenix is a city in Maricopa county, Arizona, Phoenix, AZ, NA","No_Match"
"68","5704 East Grant Road, Tucson, AZ, 85712","Match","Exact","5704 E GRANT RD, TUCSON, AZ, 85712","-110.87029,32.25066","606805128","R"
"69","335 East Germann Road, Gilbert, AZ, 85297","No_Match"
"290","3916 East Paradise Lane, Phoenix, AZ, 85032","Match","Exact","3916 E PARADISE LN, PHOENIX, AZ, 85032","-111.99885,33.633457","653245730","L"
"170","900 East Carmelita Drive, Sierra Vista, AZ, 85635","Match","Exact","900 E CARMELITA DR, SIERRA VISTA, AZ, 85635","-110.29092,31.558346","120948050","R"
"291","802 South 1st Avenue, Phoenix, AZ, 85003","Match","Exact","802 S 1ST AVE, PHOENIX, AZ, 85003","-112.07508,33.440002","128318885","R"
"171","1789 West Coolidge Avenue, Coolidge, AZ, 85128","Match","Exact","1789 W COOLIDGE AVE, COOLIDGE, AZ, 85128","-111.549034,32.973236","129283015","R"
"292","1350 Juan Sanchez Boulevard, San Luis, AZ, 85349","No_Match"
"172","5801 West Greenbriar Drive, Glendale, AZ, 85308","Match","Exact","5801 W GREENBRIAR DR, GLENDALE, AZ, 85308","-112.18431,33.642944","128173557","L"
"293","Hwy 264, Ganado, AZ, 86505","No_Match"
"173","1315 North Greenfield Road, Gilbert, AZ, 85234","Match","Exact","1315 N GREENFIELD RD, GILBERT, AZ, 85234","-111.73937,33.374035","640590618","L"
"294","1833 North Scottsdale Road, Tempe, AZ, 85281","No_Match"
"174","3102 North 56th Street, Phoenix, AZ, 85018","Match","Exact","3102 N 56TH ST, PHOENIX, AZ, 85018","-111.96089,33.48381","128222024","L"
"295","1704 North Center Street, Mesa, AZ, 85201","Match","Exact","1704 N CENTER ST, MESA, AZ, 85201","-111.83117,33.44573","128233942","L"
"175","Chandler, AZ Chandler is a city in Maricopa county, Arizona, Chandler, AZ, NA","No_Match"
"296","525 East McDowell Road, Phoenix, AZ, 85004","Match","Exact","525 E MCDOWELL RD, PHOENIX, AZ, 85004","-112.06594,33.465706","128594757","R"
"176","P.O. Box 740, Kayenta, AZ, 86033","No_Match"
"297","40 West Baseline Road, Tempe, AZ, 85283","Match","Exact","40 W BASELINE RD, TEMPE, AZ, 85283","-111.94024,33.378235","128237310","R"
"177","Navajo Rte 7 & State Hwy 191, Chinle, AZ, 86503","No_Match"
"298","308 North Martin Avenue, Gila Bend, AZ, 85337","Match","Exact","308 N MARTIN AVE, GILA BEND, AZ, 85337","-112.71738,32.951252","128152527","R"
"178","650 East Center Street, Chino Valley, AZ, 86323","Match","Exact","650 E CENTER ST, CHINO VALLEY, AZ, 86323","-112.45131,34.74559","159450847","L"
"299","439 South 4th Street, Globe, AZ, 85501","Match","Exact","439 S 4TH ST, GLOBE, AZ, 85501","-110.77748,33.395187","159303813","R"
"179","2323 West Parkside Lane, Phoenix, AZ, 85027","Match","Exact","2323 W PARKSIDE LN, PHOENIX, AZ, 85027","-112.10931,33.695652","640947602","L"
"70","1601 West Jefferson Street, Phoenix, AZ, 85007","Match","Exact","1601 W JEFFERSON ST, PHOENIX, AZ, 85007","-112.09374,33.44704","647560415","L"
"71","4858 E Baseline Rd #103, Mesa, AZ, 85206","Match","Non_Exact","4858 E BASELINE RD, MESA, AZ, 85206","-111.73011,33.379234","653189044","L"
"72","4645 East Marilyn Road, Phoenix, AZ, 85032","Match","Exact","4645 E MARILYN RD, PHOENIX, AZ, 85032","-111.981445,33.620697","128281051","L"
"73","2045 West Northern Avenue, Phoenix, AZ, 85021","Match","Exact","2045 W NORTHERN AVE, PHOENIX, AZ, 85021","-112.1026,33.553104","128203086","L"
"74","2611 Temple Heights Dr, Oceanside, AZ, 92056","No_Match"
"75","1410 North 3rd Street, Phoenix, AZ, 85004","Match","Exact","1410 N 3RD ST, PHOENIX, AZ, 85004","-112.06937,33.46423","128213060","L"
"76","2500 East Van Buren Street, Phoenix, AZ, 85008","Match","Exact","2500 E VAN BUREN ST, PHOENIX, AZ, 85008","-112.02906,33.451355","128215007","L"
"77","1200 West Speedway Boulevard, Tucson, AZ, 85745","Match","Exact","1200 W SPEEDWAY BLVD, TUCSON, AZ, 85745","-110.99011,32.235603","121169111","R"
"78","9410 South 355th Avenue, Arlington, AZ, 85322","Match","Exact","9410 S 355TH AVE, ARLINGTON, AZ, 85322","-112.81582,33.361187","128367749","L"
"79","6460 E HIGHWAY 181, PEARCE, AZ, 85625","Match","Non_Exact","6460 STATE RTE 181, PEARCE, AZ, 85625","-109.637505,31.87624","120955185","R"
"180","4141 North 67th Avenue, Phoenix, AZ, 85033","Match","Exact","4141 N 67TH AVE, PHOENIX, AZ, 85033","-112.2032,33.498478","128194665","R"
"181","3102 North 56th Street, Phoenix, AZ, 85018","Match","Exact","3102 N 56TH ST, PHOENIX, AZ, 85018","-111.96089,33.48381","128222024","L"
"182","47 East Pennington Street, Tucson, AZ, 85701","Match","Exact","47 E PENNINGTON ST, TUCSON, AZ, 85701","-110.9707,32.222973","121170845","R"
"183","Clarkdale, AZ Clarkdale is a city in Yavapai county, Arizona, Clarkdale, AZ, NA","No_Match"
"184","1500 West Sunset Drive, Superior, AZ, 85173","No_Match"
"185","1169 Colombo Avenue, Sierra Vista, AZ, 85635","Match","Non_Exact","1169 N COLOMBO AVE, SIERRA VISTA, AZ, 85635","-110.24743,31.562702","121035656","L"
"186","5025 North Bowie Avenue, Cochise, AZ, 85606","Match","Exact","5025 N BOWIE AVE, COCHISE, AZ, 85606","-109.91947,32.112724","120961967","R"
"187","1405 N. Grand Rd., Willcox, AZ, 85643","No_Match"
"188","19 Poplar Street, Page, AZ, 86040","Match","Exact","19 POPLAR ST, PAGE, AZ, 86040","-111.45951,36.922222","188884202","L"
"189","2384 North Steves Boulevard, Flagstaff, AZ, 86004","Match","Exact","2384 N STEVES BLVD, FLAGSTAFF, AZ, 86004","-111.604324,35.20929","189062189","L"
"80","46999 N 5th Street, Ash Fork, AZ, 86320","No_Match"
"81","1130 East University Drive, Tempe, AZ, 85281","Match","Exact","1130 E UNIVERSITY DR, TEMPE, AZ, 85281","-111.92165,33.42204","128921798","L"
"82","300 East University Drive, Tempe, AZ, 85281","Match","Exact","300 E UNIVERSITY DR, TEMPE, AZ, 85281","-111.93447,33.421978","128227190","L"
"83","735 East Fillmore Street, Phoenix, AZ, 85006","Match","Exact","735 E FILLMORE ST, PHOENIX, AZ, 85006","-112.06406,33.45458","128213837","R"
"84","1130 East University Drive, Tempe, AZ, 85281","Match","Exact","1130 E UNIVERSITY DR, TEMPE, AZ, 85281","-111.92165,33.42204","128921798","L"
"85","735 East Fillmore Street, Phoenix, AZ, 85006","Match","Exact","735 E FILLMORE ST, PHOENIX, AZ, 85006","-112.06406,33.45458","128213837","R"
"86","7350 Innovation Way South, Mesa, AZ, 85212","No_Match"
"87","6950 East Williams Field Road, Mesa, AZ, 85212","Match","Exact","6950 E WILLIAMS FIELD RD, MESA, AZ, 85212","-111.684616,33.30718","128818399","L"
"88","735 East Fillmore Street, Phoenix, AZ, 85006","Match","Exact","735 E FILLMORE ST, PHOENIX, AZ, 85006","-112.06406,33.45458","128213837","R"
"89","6950 East Williams Field Road, Mesa, AZ, 85212","Match","Exact","6950 E WILLIAMS FIELD RD, MESA, AZ, 85212","-111.684616,33.30718","128818399","L"
"190","9 South La Creciente, Tucson, AZ, 85711","Match","Exact","9 S LA CRECIENTE, TUCSON, AZ, 85711","-110.908,32.22142","121402607","L"
"191","325 Cottonwood Street, Colorado City, AZ, 86021","No_Match"
"192","1004 HANCOCK RD # 200, BULLHEAD CITY, AZ, 86442","Match","Exact","1004 HANCOCK RD, BULLHEAD CITY, AZ, 86442","-114.61273,35.107918","190318442","L"
"193","8250 E 22ND ST # 128, TUCSON, AZ, 85710","Match","Non_Exact","8250 E 22ND ST, TUCSON, AZ, 85710","-110.816414,32.2064","121382039","R"
"194","551 1st Street, Prescott, AZ, 86301","Match","Exact","551 1ST ST, PRESCOTT, AZ, 86301","-112.47229,34.550385","159535005","R"
"195","Hwy 61 and Cinder Rd, Concho, AZ, 85924","No_Match"
"196","142 North Date, Mesa, AZ, 85201","Match","Exact","142 N DATE, MESA, AZ, 85201","-111.844154,33.41792","128378390","L"
"197","26400 Tenderfoot Hill Road, Congress, AZ, 85332","Match","Non_Exact","26400 TENDERFOOT HILL DR, CONGRESS, AZ, 85332","-112.85891,34.172394","647941307","L"
"198","East Josephine Canyon Drive, Green Valley, AZ, 85614","No_Match"
"199","450 North Arizona Boulevard, Coolidge, AZ, 85128","Match","Exact","450 N ARIZONA BLVD, COOLIDGE, AZ, 85128","-111.524,32.981304","129179688","L"
"90","1130 East University Drive, Tempe, AZ, 85281","Match","Exact","1130 E UNIVERSITY DR, TEMPE, AZ, 85281","-111.92165,33.42204","128921798","L"
"91","Casa Grande, AZ Casa Grande is a city in Pinal county, Arizona, Casa Grande, AZ, NA","No_Match"
"92","1130 East University Drive, Tempe, AZ, 85281","Match","Exact","1130 E UNIVERSITY DR, TEMPE, AZ, 85281","-111.92165,33.42204","128921798","L"
"93","295 West Western Avenue, Avondale, AZ, 85323","Match","Exact","295 W WESTERN AVE, AVONDALE, AZ, 85323","-112.352486,33.43533","637414955","L"
"94","7318 West Lynwood Street, Phoenix, AZ, 85035","Match","Exact","7318 W LYNWOOD ST, PHOENIX, AZ, 85035","-112.21689,33.464485","243993027","L"
"95","2020 North Arizona Avenue, Chandler, AZ, 85225","Match","Exact","2020 N ARIZONA AVE, CHANDLER, AZ, 85225","-111.84171,33.335148","128965960","L"
"96","Yuma, AZ Yuma is a city in Yuma county, Arizona, Yuma, AZ, NA","No_Match"
"97","Sells, AZ Sells is a city in Pima county, Arizona, Sells, AZ, NA","No_Match"
"98","515 Breezy Circle, Bagdad, AZ, 86321","Match","Non_Exact","515 BREEZY CT, BAGDAD, AZ, 86321","-113.18491,34.57403","608208362","R"
"99","2207 North Dobson Road, Chandler, AZ, 85224","Match","Exact","2207 N DOBSON RD, CHANDLER, AZ, 85224","-111.876434,33.33889","128240433","R"
