"","lea_street","City","lea_state","lea_zip"
"1","215 South Main Street","Cottonwood","AZ","86326"
"2","732 West Roger Road","Tucson","AZ","85705"
"3","1547 East Lipan Boulevard","Fort Mohave","AZ","86426"
"4","425 North 36th Street","Phoenix","AZ","85008"
"5","1557 West Prince Road","Tucson","AZ","85705"
"6","6633 West Camelback Road","Phoenix","AZ","85033"
"7","1557 West Prince Road","Tucson","AZ","85705"
"8","10720 East 22nd Street","Tucson","AZ","85748"
"9","433 North Hall","Mesa","AZ","85203"
"10","5245 North Camino De Oeste","Tucson","AZ","85745"
"11","4105 East Shea Boulevard","Phoenix","AZ","85028"
"12","7624 West Indian School Road","Phoenix","AZ","85033"
"13","8556 East Loos Drive","Prescott Valley","AZ","86314"
"14","1481 North Eliseo Felix Junior Way","Avondale","AZ","85323"
"15","50023 North 514th Avenue","Aguila","AZ","85320"
"16","Phoenix, AZ Phoenix is a city in Maricopa county, Arizona","PHOENIX","AZ",NA
"17","Phoenix, AZ Phoenix is a city in Maricopa county, Arizona","PHOENIX","AZ",NA
"18","111 North Well Road","Ajo","AZ","85321"
"19","3652 Blackwater School Road","Coolidge","AZ","85128"
"20","3652 Blackwater School Road","Coolidge","AZ","85128"
"21","4510 North 37th Avenue","Phoenix","AZ","85019"
"22","5827 North 35th Avenue","Phoenix","AZ","85017"
"23","Tempe, AZ Tempe is a city in Maricopa county, Arizona","Tempe","AZ",NA
"24","6211 East Speedway Blvd","Tucson","AZ","85712"
"25","County Rd 2052 #11","Alpine","AZ","85920"
"26","10105 South Sasabe Road","Tucson","AZ","85736"
"27","3820 East Ray Road","Phoenix","AZ","85044"
"28","827 East 6th Avenue","Mesa","AZ","85204"
"29","7878 North 16th Street","Phoenix","AZ","85020"
"30","7878 North 16th Street","Phoenix","AZ","85020"
"31","7878 North 16th Street","Phoenix","AZ","85020"
"32","7878 North 16th Street","Phoenix","AZ","85020"
"33","7878 North 16th Street","Phoenix","AZ","85020"
"34","7878 North 16th Street","Phoenix","AZ","85020"
"35","7878 North 16th Street","Phoenix","AZ","85020"
"36","7878 North 16th Street","Phoenix","AZ","85020"
"37","7878 North 16th Street","Phoenix","AZ","85020"
"38","7878 North 16th Street","Phoenix","AZ","85020"
"39","2030 East Cherry Street","Cottonwood","AZ","86326"
"40","2250 East Germann Road","Chandler","AZ","85286"
"41","2471 North Arizona Avenue","Chandler","AZ","85225"
"42","701 West Wetmore Road","Tucson","AZ","85705"
"43","9168 South Avenue 36 East","Wellton","AZ","85356"
"44","3102 North 56th Street","Phoenix","AZ","85018"
"45","10488 E SKELETON CANYON RD","PORTAL","AZ","85632"
"46","801 West Southern Avenue","Apache Junction","AZ","85120"
"47","2701 South Campbell Avenue","Tucson","AZ","85713"
"48","3102 North 56th Street","Phoenix","AZ","85018"
"49","1951 North Alma School Road","Chandler","AZ","85224"
"50","3102 North 56th Street","Phoenix","AZ","85018"
"51","3102 North 56th Street","Phoenix","AZ","85018"
"52","3102 North 56th Street","Phoenix","AZ","85018"
"53","3102 North 56th Street","Phoenix","AZ","85018"
"54","16648 North 94th Street","Scottsdale","AZ","85260"
"55","3102 North 56th Street","Phoenix","AZ","85018"
"56","3102 North 56th Street","Phoenix","AZ","85018"
"57","3102 North 56th Street","Phoenix","AZ","85018"
"58","3102 North 56th Street","Phoenix","AZ","85018"
"59","2920 North 7th Street","Phoenix","AZ","85012"
"60","1440 South Longmore","Mesa","AZ","85202"
"61","3775 East Union Hills Drive","Phoenix","AZ","85050"
"62","2002 East Baseline Road","Phoenix","AZ","85042"
"63","2165 North Power Road","Mesa","AZ","85215"
"64","315 East Mulberry Drive","Phoenix","AZ","85012"
"65","7500 Civic Drive","Prescott Valley","AZ","86314"
"66","4433 North 7th Street","Phoenix","AZ","85014"
"67","Phoenix, AZ Phoenix is a city in Maricopa county, Arizona","Phoenix","AZ",NA
"68","5704 East Grant Road","Tucson","AZ","85712"
"69","335 East Germann Road","Gilbert","AZ","85297"
"70","1601 West Jefferson Street","Phoenix","AZ","85007"
"71","4858 E Baseline Rd #103","Mesa","AZ","85206"
"72","4645 East Marilyn Road","Phoenix","AZ","85032"
"73","2045 West Northern Avenue","Phoenix","AZ","85021"
"74","2611 Temple Heights Dr","Oceanside","AZ","92056"
"75","1410 North 3rd Street","Phoenix","AZ","85004"
"76","2500 East Van Buren Street","Phoenix","AZ","85008"
"77","1200 West Speedway Boulevard","Tucson","AZ","85745"
"78","9410 South 355th Avenue","Arlington","AZ","85322"
"79","6460 E HIGHWAY 181","PEARCE","AZ","85625"
"80","46999 N 5th Street","Ash Fork","AZ","86320"
"81","1130 East University Drive","Tempe","AZ","85281"
"82","300 East University Drive","Tempe","AZ","85281"
"83","735 East Fillmore Street","Phoenix","AZ","85006"
"84","1130 East University Drive","Tempe","AZ","85281"
"85","735 East Fillmore Street","Phoenix","AZ","85006"
"86","7350 Innovation Way South","Mesa","AZ","85212"
"87","6950 East Williams Field Road","Mesa","AZ","85212"
"88","735 East Fillmore Street","Phoenix","AZ","85006"
"89","6950 East Williams Field Road","Mesa","AZ","85212"
"90","1130 East University Drive","Tempe","AZ","85281"
"91","Casa Grande, AZ Casa Grande is a city in Pinal county, Arizona","Casa Grande","AZ",NA
"92","1130 East University Drive","Tempe","AZ","85281"
"93","295 West Western Avenue","Avondale","AZ","85323"
"94","7318 West Lynwood Street","Phoenix","AZ","85035"
"95","2020 North Arizona Avenue","Chandler","AZ","85225"
"96","Yuma, AZ Yuma is a city in Yuma county, Arizona","Yuma","AZ",NA
"97","Sells, AZ Sells is a city in Pima county, Arizona","Sells","AZ",NA
"98","515 Breezy Circle","Bagdad","AZ","86321"
"99","2207 North Dobson Road","Chandler","AZ","85224"
"100","17606 North 7th Avenue","Phoenix","AZ","85023"
"101","4120 South Val Vista Drive","Gilbert","AZ","85297"
"102","4825 East Roosevelt Street","Phoenix","AZ","85008"
"103","11850 North 32nd Street","Phoenix","AZ","85028"
"104","25952 North Lake Pleasant Parkway","Peoria","AZ","85383"
"105","2002 West Southern Avenue","Phoenix","AZ","85041"
"106","7975 North Hayden Road","Scottsdale","AZ","85258"
"107","7496 East Tierra Buena Lane","Scottsdale","AZ","85260"
"108","7975 North Hayden Road","Scottsdale","AZ","85258"
"109","7975 North Hayden Road","Scottsdale","AZ","85258"
"110","7975 North Hayden Road","Scottsdale","AZ","85258"
"111","7975 North Hayden Road","Scottsdale","AZ","85258"
"112","7975 North Hayden Road","Scottsdale","AZ","85258"
"113","13613 North Cave Creek Road","Phoenix","AZ","85022"
"114","5740 East River Road","Tucson","AZ","85750"
"115","11440 North 136th Street","Scottsdale","AZ","85259"
"116","7975 North Hayden Road","Scottsdale","AZ","85258"
"117","7975 North Hayden Road","Scottsdale","AZ","85258"
"118","1901 Prescott Lakes Parkway","Prescott","AZ","86301"
"119","7975 North Hayden Road","Scottsdale","AZ","85258"
"120","7975 North Hayden Road","Scottsdale","AZ","85258"
"121","7975 North Hayden Road","Scottsdale","AZ","85258"
"122","11440 North 136th Street","Scottsdale","AZ","85259"
"123","204 West Chandler Heights Road","Chandler","AZ","85248"
"124","7975 North Hayden Road","Scottsdale","AZ","85258"
"125","4810 E BEAVER CREEK RD","RIMROCK","AZ","86335"
"126","18052 North Black Canyon Highway","Phoenix","AZ","85053"
"127","4120 East Acoma Drive","Phoenix","AZ","85032"
"128","Gilbert, AZ Gilbert is a city in Maricopa county, Arizona","Gilbert","AZ",NA
"129","360 South Patagonia Street","Benson","AZ","85602"
"130","67488 Salome Road","Salome","AZ","85348"
"131","100 Old Douglas Road","Bisbee","AZ","85603"
"132","P.O. Box 97","Pinon","AZ","86510"
"133","3652 Blackwater School Road","Coolidge","AZ","85128"
"134","6000 East 14th Street","Tucson","AZ","85711"
"135","80 Turkey Creek Rd","Blue","AZ","85922"
"136","1200 W WHITE MOUNTAIN BLVD","LAKESIDE","AZ","85929"
"137","5651 West Talavi Boulevard","Glendale","AZ","85306"
"138","18008 S FORT GRANT RD","WILLCOX","AZ","85643"
"139","44936 Joshua Drive","Bouse","AZ","85325"
"140","315 5th Street","Bowie","AZ","85605"
"141","221 West 6th Avenue","Mesa","AZ","85210"
"142","400 North Andersen Boulevard","Chandler","AZ","85224"
"143","25555 West Durango Street","Buckeye","AZ","85326"
"144","1000 East Narramore Avenue","Buckeye","AZ","85326"
"145","1004 Hancock Road","Bullhead City","AZ","86442"
"146","4055 East Warner Road","Gilbert","AZ","85296"
"147","4055 East Warner Road","Gilbert","AZ","85296"
"148","1120 South Gilbert Road","Gilbert","AZ","85296"
"149","4744 West Grovers Avenue","Glendale","AZ","85308"
"150","9412 East Brown Road","Mesa","AZ","85207"
"151","7634 West Camelback Road","Glendale","AZ","85303"
"152","44301 West Maricopa-Casa Grande Highway","Maricopa","AZ","85138"
"153","410 Camp Lincoln Road","Camp Verde","AZ","86322"
"154","9965 West Calle Lejos","Peoria","AZ","85383"
"155","34630 School Loop Road","Black Canyon City","AZ","85324"
"156","3686 West Orange Grove Road","Tucson","AZ","85741"
"157","5260 North Royal Palm Drive","Tucson","AZ","85705"
"158","1300 N Centennial Blvd","Taylor","AZ","85939"
"159","16004 North 36th Drive","Phoenix","AZ","85053"
"160","899 East Plaza Circle","Yuma","AZ","85365"
"161","5220 West Indian School Road","Phoenix","AZ","85031"
"162","1500 West Maryland Avenue","Phoenix","AZ","85015"
"163","P.O. Box 10940","Bapchule","AZ","85121"
"164","220 West Kortsen Road","Casa Grande","AZ","85122"
"165","2730 North Trekell Road","Casa Grande","AZ","85122"
"166","2730 North Trekell Road","Casa Grande","AZ","85122"
"167","2101 East River Road","Tucson","AZ","85718"
"168","33016 North 60th Street","Scottsdale","AZ","85266"
"169","Mile Post 408 Hwy 264","Keams Canyon","AZ","86034"
"170","900 East Carmelita Drive","Sierra Vista","AZ","85635"
"171","1789 West Coolidge Avenue","Coolidge","AZ","85128"
"172","5801 West Greenbriar Drive","Glendale","AZ","85308"
"173","1315 North Greenfield Road","Gilbert","AZ","85234"
"174","3102 North 56th Street","Phoenix","AZ","85018"
"175","Chandler, AZ Chandler is a city in Maricopa county, Arizona","Chandler","AZ",NA
"176","P.O. Box 740","Kayenta","AZ","86033"
"177","Navajo Rte 7 & State Hwy 191","Chinle","AZ","86503"
"178","650 East Center Street","Chino Valley","AZ","86323"
"179","2323 West Parkside Lane","Phoenix","AZ","85027"
"180","4141 North 67th Avenue","Phoenix","AZ","85033"
"181","3102 North 56th Street","Phoenix","AZ","85018"
"182","47 East Pennington Street","Tucson","AZ","85701"
"183","Clarkdale, AZ Clarkdale is a city in Yavapai county, Arizona","Clarkdale","AZ",NA
"184","1500 West Sunset Drive","Superior","AZ","85173"
"185","1169 Colombo Avenue","Sierra Vista","AZ","85635"
"186","5025 North Bowie Avenue","Cochise","AZ","85606"
"187","1405 N. Grand Rd.","Willcox","AZ","85643"
"188","19 Poplar Street","Page","AZ","86040"
"189","2384 North Steves Boulevard","Flagstaff","AZ","86004"
"190","9 South La Creciente","Tucson","AZ","85711"
"191","325 Cottonwood Street","Colorado City","AZ","86021"
"192","1004 HANCOCK RD # 200","BULLHEAD CITY","AZ","86442"
"193","8250 E 22ND ST # 128","TUCSON","AZ","85710"
"194","551 1st Street","Prescott","AZ","86301"
"195","Hwy 61 and Cinder Rd","Concho","AZ","85924"
"196","142 North Date","Mesa","AZ","85201"
"197","26400 Tenderfoot Hill Road","Congress","AZ","85332"
"198","East Josephine Canyon Drive","Green Valley","AZ","85614"
"199","450 North Arizona Boulevard","Coolidge","AZ","85128"
"200","7107 North Black Canyon Highway","Phoenix","AZ","85021"
"201","18052 North Black Canyon Highway","Phoenix","AZ","85053"
"202","Navajo Boulevard","Chinle","AZ","86503"
"203","Cottonwood, AZ Cottonwood is a city in Yavapai county, Arizona","Cottonwood","AZ",NA
"204","6313 W SOUTHERN AVE","LAVEEN","AZ","85339"
"205","P.O. Box 2000","Red Valley","AZ","86544"
"206","4747 West Calle Vicam","Tucson","AZ","85757"
"207","200 North Stone Avenue","Tucson","AZ","85701"
"208","4250 West 16th Street","Yuma","AZ","85364"
"209","2645 North 24th Street","Phoenix","AZ","85008"
"210","2702 East Flower Street","Phoenix","AZ","85016"
"211","12450 West Maryland Avenue","Litchfield Park","AZ","85340"
"212","23550 S Tower Mountain Road","Crown King","AZ","86343"
"213","5580 West Chandler Boulevard","Chandler","AZ","85226"
"214","2325 West Sunset Road","Tucson","AZ","85741"
"215","4837 East McDowell Road","Phoenix","AZ","85008"
"216","6880 East Broadway Boulevard","Tucson","AZ","85710"
"217","5741 Ironwood Street","Tucson","AZ","85708"
"218","17667 North 91st Avenue","Peoria","AZ","85382"
"219","3050 West Agua Fria Freeway","Phoenix","AZ","85027"
"220","20402 North 15th Avenue","Phoenix","AZ","85027"
"221","P.O. Box 2570","Dennehotso","AZ","86535"
"222","5821 West Beverly Lane","Glendale","AZ","85306"
"223","3686 West Orange Grove Road","Tucson","AZ","85741"
"224","1350 North Arcadia Avenue","Tucson","AZ","85712"
"225","3833 East 2nd Street","Tucson","AZ","85716"
"226","5599 Arizona 95","Fort Mohave","AZ","86426"
"227","1240 South Recycler Road","Cornville","AZ","86325"
"228","798 Prickly Pear Drive","Globe","AZ","85501"
"229","HC 63 Box G","Winslow","AZ","86047"
"230","852 West 250 North","Pima","AZ","85543"
"231","P.O. Box 80068","Cibecue","AZ","85911"
"232","7081 North Central Highway","McNeal","AZ","85617"
"233","1132 East 12th Street","Douglas","AZ","85607"
"234","108 Stadium Street","Duncan","AZ","85534"
"235","15802 North Parkview Place","Surprise","AZ","85374"
"236","Glendale, AZ Glendale is a city in Maricopa county, Arizona","Glendale","AZ",NA
"237","2435 East Pecan Road","Phoenix","AZ","85040"
"238","3950 North 53rd Avenue","Phoenix","AZ","85031"
"239","1619 East Main Street","Mesa","AZ","85203"
"240","2450 West South Mountain Avenue","Phoenix","AZ","85041"
"241","18052 North Black Canyon Highway","Phoenix","AZ","85053"
"242","1858 East Brown Road","Mesa","AZ","85203"
"243","1601 West Main Street","Mesa","AZ","85202"
"244","8495 East Broadway Boulevard","Tucson","AZ","85710"
"245","3025 North Winstel Boulevard","Tucson","AZ","85716"
"246","2555 East 1st Street","Tucson","AZ","85716"
"247","8340 West Northern Avenue","Glendale","AZ","85305"
"248","Phoenix, AZ Phoenix is a city in Maricopa county, Arizona","Phoenix","AZ",NA
"249","Mesa, AZ Mesa is a city in Maricopa county, Arizona","Mesa","AZ",NA
"250","Mesa, AZ Mesa is a city in Maricopa county, Arizona","Mesa","AZ",NA
"251","Mesa, AZ Mesa is a city in Maricopa county, Arizona","Mesa","AZ",NA
"252","Mesa, AZ Mesa is a city in Maricopa county, Arizona","Mesa","AZ",NA
"253","Mesa, AZ Mesa is a city in Maricopa county, Arizona","Mesa","AZ",NA
"254","Mesa, AZ Mesa is a city in Maricopa county, Arizona","Mesa","AZ",NA
"255","Mesa, AZ Mesa is a city in Maricopa county, Arizona","Mesa","AZ",NA
"256","Show Low, AZ Show Low is a city in Navajo county, Arizona","Show Low","AZ",NA
"257","1950 East Placita Sin Nombre","Tucson","AZ","85718"
"258","6710 West Calle Lejos","Peoria","AZ","85383"
"259","2632 West Augusta Avenue","Phoenix","AZ","85051"
"260","4567 West Roberts Road","Queen Creek","AZ","85142"
"261","25 East Drachman Street","Tucson","AZ","85705"
"262","4070 West Jefferson Road","Elfrida","AZ","85610"
"263","1011 North Sunshine Boulevard","Eloy","AZ","85131"
"264","Peoria, AZ Peoria is a city in Maricopa county, Arizona","Peoria","AZ",NA
"265","2411 West Colter Street","Phoenix","AZ","85015"
"266","4848 South 2nd Street","Phoenix","AZ","85040"
"267","4848 South 2nd Street","Phoenix","AZ","85040"
"268","4848 South 2nd Street","Phoenix","AZ","85040"
"269","3900 South 55th Avenue","Phoenix","AZ","85043"
"270","Glendale, AZ Glendale is a city in Maricopa county, Arizona","Glendale","AZ",NA
"271","1045 South San Marcos Drive","Apache Junction","AZ","85120"
"272","P.O. Box 750","Polacca","AZ","86042"
"273","7900 South Jesse Owens Parkway","Phoenix","AZ","85042"
"274","3401 North Fort Valley Road","Flagstaff","AZ","86001"
"275","306 West Cedar Avenue","Flagstaff","AZ","86001"
"276","850 North Locust Drive","Flagstaff","AZ","86001"
"277","3285 Sparrow Avenue","Flagstaff","AZ","86004"
"278","715 West Mariposa Street","Phoenix","AZ","85013"
"279","1000 South Main Street","Florence","AZ","85132"
"280","1556 West Prince Road","Tucson","AZ","85705"
"281","7191 Ashler Hills Drive","Scottsdale","AZ","85266"
"282","21110 Hines Rd","FORT HUACHUCA","AZ","85613"
"283","15560 W Elementary School Road","Fort Thomas","AZ","85536"
"284","16811 East El Pueblo Boulevard","Fountain Hills","AZ","85268"
"285","16000 East Palisades Boulevard","Fountain Hills","AZ","85268"
"286","1617 South 67th Avenue","Phoenix","AZ","85043"
"287","6116 Arizona 69","Prescott Valley","AZ","86314"
"288","9317 North 2nd Street","Phoenix","AZ","85020"
"289","Fredonia, AZ Fredonia is a city in Coconino county, Arizona","Fredonia","AZ",NA
"290","3916 East Paradise Lane","Phoenix","AZ","85032"
"291","802 South 1st Avenue","Phoenix","AZ","85003"
"292","1350 Juan Sanchez Boulevard","San Luis","AZ","85349"
"293","Hwy 264","Ganado","AZ","86505"
"294","1833 North Scottsdale Road","Tempe","AZ","85281"
"295","1704 North Center Street","Mesa","AZ","85201"
"296","525 East McDowell Road","Phoenix","AZ","85004"
"297","40 West Baseline Road","Tempe","AZ","85283"
"298","308 North Martin Avenue","Gila Bend","AZ","85337"
"299","439 South 4th Street","Globe","AZ","85501"
"300","4465 W Pecos Rd","Laveen","AZ","85339"
"301","3998 W BALLPARK ST","THATCHER","AZ","85552"
"302","1016 North Burk Street","Gilbert","AZ","85234"
"303","7301 North 58th Avenue","Glendale","AZ","85301"
"304","3102 N 56TH ST # 300","PHOENIX","AZ","85018"
"305","7650 North 43rd Avenue","Glendale","AZ","85301"
"306","7541 South Willow Drive","Tempe","AZ","85283"
"307","501 East Ash Street","Globe","AZ","85501"
"308","523 South 10th Avenue","Safford","AZ","85546"
"309","150 E 4th S","Pima","AZ","85543"
"310","1 Boulder Street","Grand Canyon Village","AZ","86023"
"311","44400 Honeycutt Road","Maricopa","AZ","85138"
"312","HC 58 Box 60","Ganado","AZ","86505"
"313","1466 West Camino Antigua","Sahuarita","AZ","85629"
"314","1 Warrior Drive","Tuba City","AZ","86045"
"315","1844 South Alvernon Way","Tucson","AZ","85711"
"316","1333 East 10th Street","Tucson","AZ","85719"
"317","9501 Nellie Drive","Kingman","AZ","86401"
"318","827 East 6th Avenue","Mesa","AZ","85204"
"319","827 East 6th Avenue","Mesa","AZ","85204"
"320","1185 South 4th Avenue","Yuma","AZ","85364"
"321","P.O. Box 568","Keams Canyon","AZ","86034"
"322","621 West Clay Avenue","Flagstaff","AZ","86001"
"323","Winkelman, AZ Winkelman is a city in Gila county, Arizona","Winkelman","AZ",NA
"324","Heber, AZ Heber is a city in Navajo county, Arizona","HEBER","AZ",NA
"325","32 South Center Street","Mesa","AZ","85210"
"326","32 South Center Street","Mesa","AZ","85210"
"327","32 South Center Street","Mesa","AZ","85210"
"328","4027 North 45th Avenue","Phoenix","AZ","85031"
"329","12051 East Fort Lowell Road","Tucson","AZ","85749"
"330","510 South Highland Avenue","Tucson","AZ","85719"
"331","15600 West Hearn Road","Surprise","AZ","85379"
"332","2935 South Recker Road","Gilbert","AZ","85295"
"333","4710 East Baseline Road","Mesa","AZ","85206"
"334","Main Street","Hillside","AZ","86321"
"335","6535 East Osborn Road","Scottsdale","AZ","85251"
"336","1000 North 8th Avenue","Holbrook","AZ","86025"
"337","P.O. Box 42","Kykotsmovi","AZ","86039"
"338","P.O. Box 337","Keams Canyon","AZ","86034"
"339","16233 South 48th Street","Phoenix","AZ","85048"
"340","16233 South 48th Street","Phoenix","AZ","85048"
"341","P.O. Box 48","Hotevilla","AZ","86030"
"342","5201 North 7th Street","Phoenix","AZ","85014"
"343","6411 North Robert Road","Prescott Valley","AZ","86314"
"344","PO Drawer 99","St. Michaels","AZ","86511"
"345","Avenue 64 East","Dateland","AZ","85333"
"346","18052 North Black Canyon Highway","Phoenix","AZ","85053"
"347","18052 North Black Canyon Highway","Phoenix","AZ","85053"
"348","18052 North Black Canyon Highway","Phoenix","AZ","85053"
"349","18052 North Black Canyon Highway","Phoenix","AZ","85053"
"350","18052 North Black Canyon Highway","Phoenix","AZ","85053"
"351","1290 West Vah Ki Inn Road","Coolidge","AZ","85128"
"352","18052 North Black Canyon Highway","Phoenix","AZ","85053"
"353","18052 North Black Canyon Highway","Phoenix","AZ","85053"
"354","18052 North Black Canyon Highway","Phoenix","AZ","85053"
"355","18052 North Black Canyon Highway","Phoenix","AZ","85053"
"356","1290b West Vah Ki Inn Road","Coolidge","AZ","85128"
"357","1843 West 16th Avenue","Apache Junction","AZ","85120"
"358","18052 North Black Canyon Highway","Phoenix","AZ","85053"
"359","1843 West 16th Avenue","Apache Junction","AZ","85120"
"360","849 North 3rd Avenue","Phoenix","AZ","85003"
"361","2327 East Precious Shard Court","Oro Valley","AZ","85755"
"362","1300 South Belvedere Avenue","Tucson","AZ","85711"
"363","7425 East Culver Street","Scottsdale","AZ","85257"
"364","Phoenix, AZ Phoenix is a city in Maricopa county, Arizona","Phoenix","AZ",NA
"365","5201 North 7th Street","Phoenix","AZ","85014"
"366","3348 West McDowell Road","Phoenix","AZ","85009"
"367","301 E COMBS RD","QUEEN CREEK","AZ","85140"
"368","5815 South McClintock Drive","Tempe","AZ","85283"
"369","3830 North 67th Avenue","Phoenix","AZ","85033"
"370","P.O. Box 1073","Pinon","AZ","86510"
"371","P.O. Box 130","Whiteriver","AZ","85941"
"372","8176 Westover Street","Joseph City","AZ","86032"
"373","3777 West 16th Street","Yuma","AZ","85364"
"374","P.O. Box 1420","Kaibeto","AZ","86053"
"375","7878 North 16th Street","Phoenix","AZ","85020"
"376","850 North Morley Avenue","Nogales","AZ","85621"
"377","7878 North 16th Street","Phoenix","AZ","85020"
"378","7878 North 16th Street","Phoenix","AZ","85020"
"379","7878 North 16th Street","Phoenix","AZ","85020"
"380","3155 Maricopa Avenue","Lake Havasu City","AZ","86406"
"381","7878 North 16th Street","Phoenix","AZ","85020"
"382","7878 North 16th Street","Phoenix","AZ","85020"
"383","1376 East Cottonwood Lane","Casa Grande","AZ","85122"
"384","7820 East Wrightstown Road","Tucson","AZ","85715"
"385","7878 North 16th Street","Phoenix","AZ","85020"
"386","217 East Olympic Drive","Phoenix","AZ","85042"
"387","7878 North 16th Street","Phoenix","AZ","85020"
"388","7878 North 16th Street","Phoenix","AZ","85020"
"389","7878 North 16th Street","Phoenix","AZ","85020"
"390","7878 North 16th Street","Phoenix","AZ","85020"
"391","P.O. Box 188","Kayenta","AZ","86033"
"392","Kayenta, AZ Kayenta is a city in Navajo county, Arizona","Kayenta","AZ",NA
"393","P.O. Box 397","Keams Canyon","AZ","86034"
"394","325 North Washington Avenue","Prescott","AZ","86301"
"395","1025 East Liberty Lane","Phoenix","AZ","85048"
"396","3701 East River Road","Tucson","AZ","85718"
"397","2536 North 3rd Street","Phoenix","AZ","85004"
"398","P.O. Box 800","Ganado","AZ","86505"
"399","3410 North Burbank Street","Kingman","AZ","86409"
"400","3033 McDonald Avenue","Kingman","AZ","86401"
"401","150 Main Street","Kirkland","AZ","86332"
"402","8700 South Kyrene Road","Tempe","AZ","85284"
"403","124 North Virginia Street","Prescott","AZ","86301"
"404","2200 Havasupai Boulevard","Lake Havasu City","AZ","86403"
"405","5001 W DOBBINS RD","LAVEEN","AZ","85339"
"406","633 East Ray Road","Gilbert","AZ","85296"
"407","633 East Ray Road","Gilbert","AZ","85296"
"408","4815 West Hunt Highway","Queen Creek","AZ","85142"
"409","7420 East Main Street","Mesa","AZ","85207"
"410","7420 East Main Street","Mesa","AZ","85207"
"411","Maricopa, AZ Maricopa is a city in Pinal county, Arizona","Maricopa","AZ",NA
"412","Casa Grande, AZ Casa Grande is a city in Pinal county, Arizona","Casa Grande","AZ",NA
"413","Chandler, AZ Chandler is a city in Maricopa county, Arizona","Chandler","AZ",NA
"414","Chandler, AZ Chandler is a city in Maricopa county, Arizona","Chandler","AZ",NA
"415","Chandler, AZ Chandler is a city in Maricopa county, Arizona","Chandler","AZ",NA
"416","Chandler, AZ Chandler is a city in Maricopa county, Arizona","Chandler","AZ",NA
"417","Maricopa, AZ Maricopa is a city in Pinal county, Arizona","Maricopa","AZ",NA
"418","Chandler, AZ Chandler is a city in Maricopa county, Arizona","Chandler","AZ",NA
"419","Tucson, AZ Tucson is a city in Pima county, Arizona","Tucson","AZ",NA
"420","Peoria, AZ Peoria is a city in Maricopa county, Arizona","Peoria","AZ",NA
"421","Chandler, AZ Chandler is a city in Maricopa county, Arizona","Chandler","AZ",NA
"422","San Tan Valley, AZ San Tan Valley is a city in Pinal county, Arizona","San Tan Valley","AZ",NA
"423","Surprise, AZ Surprise is a city in Maricopa county, Arizona","Surprise","AZ",NA
"424","Laveen, AZ Laveen is a city in Maricopa county, Arizona","LAVEEN","AZ",NA
"425","7720 N Silverlight Rd.","Tucson","AZ","85743"
"426","HC 61 Box D","Winslow","AZ","86047"
"427","19871 West Fremont Road","Buckeye","AZ","85326"
"428","1300 East Cedar Street","Globe","AZ","85501"
"429","4027 North 45th Avenue","Phoenix","AZ","85031"
"430","8123 North 35th Avenue","Phoenix","AZ","85051"
"431","3295 West Orange Grove Road","Tucson","AZ","85741"
"432","3295 West Orange Grove Road","Tucson","AZ","85741"
"433","3102 North 56th Street","Phoenix","AZ","85018"
"434","272 East Sagebrush Street","Litchfield Park","AZ","85340"
"435","12990 East Shea Boulevard","Scottsdale","AZ","85259"
"436","P.O. Box AQ","Winslow","AZ","86047"
"437","3475 E RIO VIRGIN RD","BEAVER DAM","AZ","86432"
"438","1600 S 107TH AVE","AVONDALE","AZ","85323"
"439","Route 13","Lukachukai","AZ","86507"
"440","25 East Drachman Street","Tucson","AZ","85705"
"441","5601 North 16th Street","Phoenix","AZ","85016"
"442","1431 East Campbell Avenue","Phoenix","AZ","85014"
"443","10 North Spring Valley Road","Parks","AZ","86018"
"444","San Manuel, AZ San Manuel is a city in Pinal county, Arizona","San Manuel","AZ",NA
"445","P.O. Box 70","Many Farms","AZ","86538"
"446","P.O. Box 307","Many Farms","AZ","86538"
"447","11279 West Grier Road","Marana","AZ","85653"
"448","108 North 40th Street","Phoenix","AZ","85034"
"449","3409 West Whitton Avenue","Phoenix","AZ","85017"
"450","44150 West Maricopa-Casa Grande Highway","Maricopa","AZ","85138"
"451","3740 N TOLTEC RD","TOLTEC","AZ","85131"
"452","5522 Side Road","Prescott","AZ","86301"
"453","3102 N 56TH ST # 300","PHOENIX","AZ","85018"
"454","365 West Cannon Avenue","Colorado City","AZ","86021"
"455","1557 West Prince Road","Tucson","AZ","85705"
"456","12606 East Main Street","Mayer","AZ","86333"
"457","2411 West 14th Street","Tempe","AZ","85282"
"458","Corner of Spruce & Cooley","McNary","AZ","85930"
"459","3979 West McNeal Street","McNeal","AZ","85617"
"460","63 East Main Street","Mesa","AZ","85201"
"461","1700 North 7th Avenue","Phoenix","AZ","85007"
"462","850 North Morley Avenue","Nogales","AZ","85621"
"463","4739 South Ragus Road","Miami","AZ","85539"
"464","3823 North 11th Street","Phoenix","AZ","85014"
"465","4707 E ROBERT E LEE ST","PHOENIX","AZ","85032"
"466","3600 North Sunset Drive","Chino Valley","AZ","86323"
"467","1801 East Fir Street","Cottonwood","AZ","86326"
"468","42798 South 99th Avenue","Maricopa","AZ","85139"
"469","P.O. Box 185","Tuba City","AZ","86045"
"470","625 Marina Boulevard","Bullhead City","AZ","86442"
"471","625 Marina Boulevard","Bullhead City","AZ","86442"
"472","8450 Olive Avenue","Mohave Valley","AZ","86440"
"473","5151 South Avenue 39 East","Roll","AZ","85347"
"474","6050 North Invergordon Road","Paradise Valley","AZ","85253"
"475","9201 North 7th Avenue","Phoenix","AZ","85021"
"476","2834 East Southern Avenue","Mesa","AZ","85204"
"477","2415 North Terrace Circle","Mesa","AZ","85203"
"478","1301 East Fort Lowell Road","Tucson","AZ","85719"
"479","Stadium Drive","Morenci","AZ","85540"
"480","2675 West Baseline Road","Phoenix","AZ","85041"
"481","25950 West Rockaway Hills Road","Morristown","AZ","85342"
"482","3003 Centerpointe East Drive","Prescott","AZ","86301"
"483","1455 Willow Creek Road","Prescott","AZ","86301"
"484","3686 West Orange Grove Road","Tucson","AZ","85741"
"485","311 West Cattle Drive Trail","Flagstaff","AZ","86001"
"486","2615 West Buckeye Road","Phoenix","AZ","85009"
"487","P.O. Box 10010","Tonalea","AZ","86044"
"488","1911 West Valenzuela","Naco","AZ","85620"
"489","32919 North Center Street","Wittmann","AZ","85361"
"490","Holbrook, AZ Holbrook is a city in Navajo county, Arizona","Holbrook","AZ",NA
"491","100 Code Talkers Drive","Holbrook","AZ","86025"
"492","HC 58 Box 50","Ganado","AZ","86505"
"493","Mesa, AZ Mesa is a city in Maricopa county, Arizona","Mesa","AZ",NA
"494","446 East Broadway Road","Mesa","AZ","85204"
"495","1216 East Apache Boulevard","Tempe","AZ","85281"
"496","1216 East Apache Boulevard","Tempe","AZ","85281"
"497","5818 North 7th Street","Phoenix","AZ","85014"
"498","Mesa, AZ Mesa is a city in Maricopa county, Arizona","Mesa","AZ",NA
"499","Mesa, AZ Mesa is a city in Maricopa county, Arizona","Mesa","AZ",NA
"500","310 West Plum Street","Nogales","AZ","85621"
"501","3102 N 56TH ST # 300","PHOENIX","AZ","85018"
"502","10720 West Indian School Road","Phoenix","AZ","85037"
"503","Off Hwy 163 .6 Mi East of Kay","Kayenta","AZ","86033"
"504","951 West Snowflake Boulevard","Snowflake","AZ","85937"
"505","3300 Sparrow Avenue","Flagstaff","AZ","86004"
"506","440 North Grande Avenue","Tucson","AZ","85745"
"507","13832 North 32nd Street","Phoenix","AZ","85032"
"508","1402 San Antonio Avenue","Douglas","AZ","85607"
"509","13644 North Sandario Road","Marana","AZ","85653"
"510","725 North Carpenter Drive","Oracle","AZ","85623"
"511","1226 West Osborn Road","Phoenix","AZ","85013"
"512","14109 Chicken Springs Road","Wikieup","AZ","85360"
"513","2504 South 91st Avenue","Tolleson","AZ","85353"
"514","6711 East 2nd Street","Prescott Valley","AZ","86314"
"515","500 South Navajo Drive","Page","AZ","86040"
"516","145 Leupp Road","Flagstaff","AZ","86004"
"517","2400 South 247th Avenue","Buckeye","AZ","85326"
"518","2100 Willow Creek Road","Prescott","AZ","86301"
"519","10700 South Palo Verde Road","Palo Verde","AZ","85343"
"520","38739 W I 8","GILA BEND","AZ","85337"
"521","6849 Arizona 92","Hereford","AZ","85615"
"522","Phoenix, AZ Phoenix is a city in Maricopa county, Arizona","Phoenix","AZ",NA
"523","15002 North 32nd Street","Phoenix","AZ","85032"
"524","12775 North 175th Avenue","Surprise","AZ","85388"
"525","2508 East Halcyon Road","Tucson","AZ","85716"
"526","11039 West Olive Avenue","Peoria","AZ","85345"
"527","9030 Florentine Road","Prescott Valley","AZ","86314"
"528","1608 South Laguna Avenue","Parker","AZ","85344"
"529","Phoenix, AZ Phoenix is a city in Maricopa county, Arizona","Phoenix","AZ",NA
"530","100 School Street","Patagonia","AZ","85624"
"531","500 North 3rd Avenue","Patagonia","AZ","85624"
"532","Hwy 82","Patagonia","AZ","85624"
"533","18052 North Black Canyon Highway","Phoenix","AZ","85053"
"534","Phoenix, AZ Phoenix is a city in Maricopa county, Arizona","Phoenix","AZ",NA
"535","3404 N 56th Street","Scottsdale","AZ","85255"
"536","19011 East San Tan Boulevard","Queen Creek","AZ","85142"
"537","902 West Main Street","Payson","AZ","85541"
"538","403 Diamond Creek Road","Peach Springs","AZ","86434"
"539","2016 North First Street","Flagstaff","AZ","86004"
"540","1 1/2 M. off Hwy 191 & Old Pea","Pearce","AZ","85625"
"541","3802 North 91st Avenue","Phoenix","AZ","85037"
"542","7102 North 58th Drive","Glendale","AZ","85301"
"543","6330 West Thunderbird Road","Glendale","AZ","85306"
"544","3738 North 16th Street","Phoenix","AZ","85016"
"545","1903 East Roeser Road","Phoenix","AZ","85040"
"546","1817 North 7th Street","Phoenix","AZ","85006"
"547","1613 West Street Catherine Avenue","Phoenix","AZ","85041"
"548","5312 North 12th Street","Phoenix","AZ","85014"
"549","4502 North Central Avenue","Phoenix","AZ","85012"
"550","17865 South Vail Road","Picacho","AZ","85141"
"551","8433 N BLACK CANYON HWY STE 16","PHOENIX","AZ","85021"
"552","175 West Irvington Road","Tucson","AZ","85714"
"553","2855 West Master Pieces Drive","Tucson","AZ","85741"
"554","924 North Alvernon Way","Tucson","AZ","85711"
"555","924 North Alvernon Way","Tucson","AZ","85711"
"556","924 North Alvernon Way","Tucson","AZ","85711"
"557","1690 West Irvington Road","Tucson","AZ","85746"
"558","192 East 200 South","Pima","AZ","85543"
"559","1120 West Kaibab Lane","Flagstaff","AZ","86001"
"560","P.O. Box 4198","Houck","AZ","86506"
"561","3868 Pine Creek Drive","Pine","AZ","85544"
"562","Casa Grande, AZ Casa Grande is a city in Pinal county, Arizona","Casa Grande","AZ",NA
"563","Nogales, AZ Nogales is a city in Santa Cruz county, Arizona","Nogales","AZ",NA
"564","Mesa, AZ Mesa is a city in Maricopa county, Arizona","Mesa","AZ",NA
"565","Tempe, AZ Tempe is a city in Maricopa county, Arizona","Tempe","AZ",NA
"566","Mesa, AZ Mesa is a city in Maricopa county, Arizona","Mesa","AZ",NA
"567","P.O. Box 159","Pinon","AZ","86510"
"568","Ind Route 41","Pinon","AZ","86510"
"569","6629 West Clarendon Avenue","Phoenix","AZ","85033"
"570","2504 South 91st Avenue","Tolleson","AZ","85353"
"571","10215 North 43rd Avenue","Phoenix","AZ","85051"
"572","1396 N. Old Pomerene Rd","Pomerene","AZ","85627"
"573","1840 East Benson Highway","Tucson","AZ","85714"
"574","99 East Virginia Avenue","Phoenix","AZ","85004"
"575","7544 West Indian School Road","Phoenix","AZ","85033"
"576","146 South Granite Street","Prescott","AZ","86303"
"577","9500 East Lorna Lane","Prescott Valley","AZ","86314"
"578","1695 East Fort Lowell Road","Tucson","AZ","85719"
"579","1515 South Higley Road","Gilbert","AZ","85296"
"580","49241 Ehrenberg-Parker Highway","Ehrenberg","AZ","85334"
"581","20217 East Chandler Heights Road","Queen Creek","AZ","85142"
"582","701 N. Highway 177","Kearny","AZ","85137"
"583","Hwy 160 - 22 miles W of 4 Corn","Teec Nos Pos","AZ","86514"
"584","PO Drawer 2007","Red Valley","AZ","86544"
"585","20854 East Homestead Drive","Red Rock","AZ","85145"
"586","14841 North Black Canyon Highway","Phoenix","AZ","85023"
"587","14841 North Black Canyon Highway","Phoenix","AZ","85023"
"588","8433 North Black Canyon Highway","Phoenix","AZ","85021"
"589","33625 North North Valley Parkway","Phoenix","AZ","85085"
"590","7444 East Broadway Boulevard","Tucson","AZ","85710"
"591","1414 South 51st Avenue","Phoenix","AZ","85043"
"592","P.O. Box 560 Highway 191","Rock Point","AZ","86545"
"593","P.O. BOX 299","KYKOTSMOVI","AZ","86039"
"594","6000 South 7th Street","Phoenix","AZ","85042"
"595","18052 North Black Canyon Highway","Phoenix","AZ","85053"
"596","HC61 Hwy-59 P.O. Box 5050-PTT RRTP","Chinle","AZ","86503"
"597","940 East Maricopa Drive","Springerville","AZ","85938"
"598","13615 North 35th Avenue","Phoenix","AZ","85029"
"599","92 Skill Center Road","Sacaton","AZ","85147"
"600","38201 West Indian School Road","Tonopah","AZ","85354"
"601","734 West 11th Street","Safford","AZ","85546"
"602","1055 East Hearn Road","Phoenix","AZ","85022"
"603","350 West Sahuarita Road","Sahuarita","AZ","85629"
"604","38128 Saguaro Street","Salome","AZ","85348"
"605","10005 East Osborn Road","Scottsdale","AZ","85256"
"606","Scottsdale, AZ Scottsdale is a city in Maricopa county, Arizona","Scottsdale","AZ",NA
"607","San Carlos Avenue","San Carlos","AZ","85550"
"608","1 Schoolhouse Dr","Sasabe","AZ","85633"
"609","HC 01 Box 8292","Sells","AZ","85634"
"610","Interstate 10 Business Loop","San Simon","AZ","85632"
"611","3959 East Elliot Road","Gilbert","AZ","85296"
"612","I-40 Hwy 191","Sanders","AZ","86512"
"613","1260 North Hohokam Drive","Nogales","AZ","85621"
"614","7 Duquesne Road","Nogales","AZ","85621"
"615","18 Calle Baca","Tubac","AZ","85646"
"616","1374 West Frontage Road","Rio Rico","AZ","85648"
"617","900 North Main Street","Eloy","AZ","85131"
"618","HC 01 Box 8400","Sells","AZ","85634"
"619","HC O2 Box 7570","Sells","AZ","85634"
"620","3727 North 1st Avenue","Tucson","AZ","85719"
"621","Phoenix, AZ Phoenix is a city in Maricopa county, Arizona","Phoenix","AZ",NA
"622","8055 East 22nd Street","Tucson","AZ","85710"
"623","10460 N 56TH ST","SCOTTSDALE","AZ","85253"
"624","3102 North 56th Street","Phoenix","AZ","85018"
"625","7575 East Main Street","Scottsdale","AZ","85251"
"626","HC 63 Box H","Winslow","AZ","86047"
"627","P.O. Box 98","Second Mesa","AZ","86043"
"628","165 Kachina Drive","Sedona","AZ","86336"
"629","Sedona, AZ Sedona is a city in Yavapai county, Arizona","Sedona","AZ",NA
"630","Phoenix, AZ Phoenix is a city in Maricopa county, Arizona","Phoenix","AZ",NA
"631","1709 North Greenfield Road","Mesa","AZ","85205"
"632","54255 Main Street","Seligman","AZ","86337"
"633","40 West Fort Lowell Road","Tucson","AZ","85705"
"634","53802 W US Hwy 80","Dateland","AZ","85333"
"635","98 U.S. 160","Shonto","AZ","86054"
"636","P.O. Box 7900","Shonto","AZ","86054"
"637","500 West Old Linden Road","Show Low","AZ","85901"
"638","3555 East Fry Boulevard","Sierra Vista","AZ","85635"
"639","3150 Old Skull Valley Road","Skull Valley","AZ","86338"
"640","978 Preschool Road","Bapchule","AZ","85121"
"641","7500 South 40th Street","Phoenix","AZ","85042"
"642","125 South Rush Street","Prescott","AZ","86303"
"643","682 West School Bus Lane","Snowflake","AZ","85937"
"644","2250 South Stevens Avenue","Solomon","AZ","85551"
"645","343 Carlisle Avenue","Somerton","AZ","85350"
"646","23 ELGIN RD","ELGIN","AZ","85611"
"647","6724 South Kings Ranch Road","Gold Canyon","AZ","85118"
"648","7450 South 40th Street","Phoenix","AZ","85042"
"649","7450 South 40th Street","Phoenix","AZ","85042"
"650","2470 North Tucson Boulevard","Tucson","AZ","85716"
"651","850 West Valencia Road","Tucson","AZ","85706"
"652","4301 West Fillmore Street","Phoenix","AZ","85043"
"653","210 South 1st Avenue","Yuma","AZ","85364"
"654","70 East Patton Street","Saint David","AZ","85630"
"655","450 South 13th West","Saint Johns","AZ","85936"
"656","515 South Stanfield Road","Stanfield","AZ","85172"
"657","3535 East McDowell Road","Phoenix","AZ","85008"
"658","44 East 5th Street","Mesa","AZ","85201"
"659","35812 North 7th Street","Phoenix","AZ","85086"
"660","4560 South Coach Drive","Tucson","AZ","85714"
"661","16011 North Dysart Road","Surprise","AZ","85374"
"662","2238 East Ginter Road","Tucson","AZ","85706"
"663","1500 Panther Drive","Superior","AZ","85173"
"664","7229 North 13th Way","Phoenix","AZ","85020"
"665","1301 East Almeria Road","Phoenix","AZ","85006"
"666","P.O. Box 2002","Teec Nos Pos","AZ","86514"
"667","2300 North Tanque Verde Loop Road","Tucson","AZ","85749"
"668","3102 North 56th Street","Phoenix","AZ","85018"
"669","2598 Starlite Lane","Lake Havasu City","AZ","86403"
"670","1251 East Southern Avenue","Tempe","AZ","85282"
"671","1251 East Southern Avenue","Tempe","AZ","85282"
"672","3205 South Rural Road","Tempe","AZ","85282"
"673","500 West Guadalupe Road","Tempe","AZ","85283"
"674","3490 West Main Street","Thatcher","AZ","85552"
"675","5383 East Rockridge Road","Phoenix","AZ","85018"
"676","4530 East Gold Dust Avenue","Phoenix","AZ","85028"
"677","2222 South Price Road","Tempe","AZ","85282"
"678","950 North Peart Road","Casa Grande","AZ","85122"
"679","1495 South Verrado Way","Buckeye","AZ","85326"
"680","7777 South 15th Terrace","Phoenix","AZ","85042"
"681","249 Standage Drive","Payson","AZ","85541"
"682","P.O. Box 567","Ft. Apache","AZ","85926"
"683","2127 West Harwell Road","Phoenix","AZ","85041"
"684","HC01 Box 8513","SELLS","AZ","85634"
"685","9401 West Garfield Street","Tolleson","AZ","85353"
"686","9801 West Van Buren Street","Tolleson","AZ","85353"
"687","3315 North Toltec Road","Eloy","AZ","85131"
"688","805 East Fremont Street","Tombstone","AZ","85638"
"689","P.O. Box 39","Tonalea","AZ","86044"
"690","445 Arizona 188","Tonto Basin","AZ","85553"
"691","5083 Tule Drive","Topock","AZ","86436"
"692","201 East Main Street","Safford","AZ","85546"
"693","3102 N 56TH ST # 300","PHOENIX","AZ","85018"
"694","306 Main Street","Tuba City","AZ","86045"
"695","Tuba City, AZ Tuba City is a city in Coconino county, Arizona","Tuba City","AZ",NA
"696","9239 East Wrightstown Road","Tucson","AZ","85715"
"697","2700 West Broadway Boulevard","Tucson","AZ","85745"
"698","104 East Prince Road","Tucson","AZ","85705"
"699","1010 East 10th Street","Tucson","AZ","85719"
"700","1901 North Stone Avenue","Tucson","AZ","85705"
"701","2930 West Bethany Home Road","Phoenix","AZ","85017"
"702","3834 South 91st Avenue","Tolleson","AZ","85353"
"703","13801 East Benson Highway","Vail","AZ","85641"
"704","12491 N Byers","Truxton","AZ","86434"
"705","830 South Main Street","Cottonwood","AZ","86326"
"706","6210 South 28th Street","Phoenix","AZ","85042"
"707","4088 West Jefferson Road","Elfrida","AZ","85610"
"708","550 West Warner Road","Chandler","AZ","85225"
"709","3102 N 56TH ST # 300","PHOENIX","AZ","85018"
"710","90 County Road 3139","Vernon","AZ","85940"
"711","3535 North 63rd Avenue","Phoenix","AZ","85033"
"712","1650 West Southern Avenue","Phoenix","AZ","85041"
"713","2802 East Meadowbrook Avenue","Phoenix","AZ","85016"
"714","5901 South Calle Santa Cruz","Tucson","AZ","85709"
"715","1275 East Barney Lane","Benson","AZ","85602"
"716","7318 West Lynwood Street","Phoenix","AZ","85035"
"717","812 South 6th Avenue","Phoenix","AZ","85003"
"718","4650 West Sweetwater Avenue","Glendale","AZ","85304"
"719","29126 San Jose Avenue","Wellton","AZ","85356"
"720","71001 Santa Fe Avenue","Wenden","AZ","85357"
"721","18052 North Black Canyon Highway","Phoenix","AZ","85053"
"722","18052 North Black Canyon Highway","Phoenix","AZ","85053"
"723","5625 S 51ST AVE","LAVEEN","AZ","85339"
"724","Glendale, AZ Glendale is a city in Maricopa county, Arizona","Glendale","AZ",NA
"725","Kingman, AZ Kingman is a city in Mohave county, Arizona","Kingman","AZ",NA
"726","6515 West Indian School Road","Phoenix","AZ","85033"
"727","963 South Chief Avenue","Whiteriver","AZ","85941"
"728","101 Coconino Street","Wickenburg","AZ","85390"
"729","Box 309","Chambers","AZ","86502"
"730","480 North Bisbee Avenue","Willcox","AZ","85643"
"731","636 South 7th Street","Williams","AZ","86046"
"732","3025 East Fillmore Street","Phoenix","AZ","85008"
"733","Route 12","Fort Defiance","AZ","86504"
"734","800 North Apache Avenue","Winslow","AZ","86047"
"735","18912 Hays Ranch Road","Peeples Valley","AZ","86332"
"736","2972 Centerpointe East Drive","Prescott","AZ","86301"
"737","Hwy 288/Baker Ranch Rd","Young","AZ","85554"
"738","1501 Valencia Road","Bullhead City","AZ","86426"
"739","12261 South 3rd Street","Yucca","AZ","86438"
"740","450 South 4th Avenue","Yuma","AZ","85364"
"741","3834 West 16th Street","Yuma","AZ","85364"
"742","3150 South Avenue A","Yuma","AZ","85364"
